Unnamed: 0,Noise_Param,Fidelity_1,Fidelity_2,Fidelity_Anonymous,Fidelity_GHZ,Fidelity_Analytic,data_anonymous
0.0,0.0,1.0,1.0,1.0,1.0,,"[[0.25+0.j 0.  +0.j 0.  +0.j ... 0.  +0.j 0.  +0.j 0.25+0.j]
 [0.  +0.j 0.  +0.j 0.  +0.j ... 0.  +0.j 0.  +0.j 0.  +0.j]
 [0.  +0.j 0.  +0.j 0.  +0.j ... 0.  +0.j 0.  +0.j 0.  +0.j]
 ...
 [0.  +0.j 0.  +0.j 0.  +0.j ... 0.  +0.j 0.  +0.j 0.  +0.j]
 [0.  +0.j 0.  +0.j 0.  +0.j ... 0.  +0.j 0.  +0.j 0.  +0.j]
 [0.25+0.j 0.  +0.j 0.  +0.j ... 0.  +0.j 0.  +0.j 0.25+0.j]]"
1.0,0.0101010101010101,0.9826801576624935,0.9826409087549748,0.9764519411811018,0.9701275129439958,,"[[0.24251932+0.j 0.        +0.j 0.        +0.j ... 0.        +0.j
  0.        +0.j 0.21251721+0.j]
 [0.        +0.j 0.00123731+0.j 0.        +0.j ... 0.        +0.j
  0.        +0.j 0.        +0.j]
 [0.        +0.j 0.        +0.j 0.00123731+0.j ... 0.        +0.j
  0.        +0.j 0.        +0.j]
 ...
 [0.        +0.j 0.        +0.j 0.        +0.j ... 0.00123731+0.j
  0.        +0.j 0.        +0.j]
 [0.        +0.j 0.        +0.j 0.        +0.j ... 0.        +0.j
  0.00123731+0.j 0.        +0.j]
 [0.21251721+0.j 0.        +0.j 0.        +0.j ... 0.        +0.j
  0.        +0.j 0.24251932+0.j]]"
1.4142135623730951,0.0202020202020202,0.9660198345036649,0.9659435467471486,0.9537725263918663,0.9411038216086434,,"[[0.23522648+0.j 0.        +0.j 0.        +0.j ... 0.        +0.j
  0.        +0.j 0.18035353+0.j]
 [0.        +0.j 0.00242476+0.j 0.        +0.j ... 0.        +0.j
  0.        +0.j 0.        +0.j]
 [0.        +0.j 0.        +0.j 0.00242476+0.j ... 0.        +0.j
  0.        +0.j 0.        +0.j]
 ...
 [0.        +0.j 0.        +0.j 0.        +0.j ... 0.00242476+0.j
  0.        +0.j 0.        +0.j]
 [0.        +0.j 0.        +0.j 0.        +0.j ... 0.        +0.j
  0.00242476+0.j 0.        +0.j]
 [0.18035353+0.j 0.        +0.j 0.        +0.j ... 0.        +0.j
  0.        +0.j 0.23522648+0.j]]"
1.7320508075688772,0.0303030303030303,0.9499977231124729,0.9498865741787772,0.9319390841945565,0.9129105671542374,,"[[0.22811808+0.j 0.        +0.j 0.        +0.j ... 0.        +0.j
  0.        +0.j 0.15279763+0.j]
 [0.        +0.j 0.00356349+0.j 0.        +0.j ... 0.        +0.j
  0.        +0.j 0.        +0.j]
 [0.        +0.j 0.        +0.j 0.00356349+0.j ... 0.        +0.j
  0.        +0.j 0.        +0.j]
 ...
 [0.        +0.j 0.        +0.j 0.        +0.j ... 0.00356349+0.j
  0.        +0.j 0.        +0.j]
 [0.        +0.j 0.        +0.j 0.        +0.j ... 0.        +0.j
  0.00356349+0.j 0.        +0.j]
 [0.15279763+0.j 0.        +0.j 0.        +0.j ... 0.        +0.j
  0.        +0.j 0.22811808+0.j]]"
2.0,0.0404040404040404,0.9345924170238469,0.9344485478812198,0.9109287944299495,0.8855295692624445,,"[[0.2211907 +0.j 0.        +0.j 0.        +0.j ... 0.        +0.j
  0.        +0.j 0.12922739+0.j]
 [0.        +0.j 0.00465463+0.j 0.        +0.j ... 0.        +0.j
  0.        +0.j 0.        +0.j]
 [0.        +0.j 0.        +0.j 0.00465463+0.j ... 0.        +0.j
  0.        +0.j 0.        +0.j]
 ...
 [0.        +0.j 0.        +0.j 0.        +0.j ... 0.00465463+0.j
  0.        +0.j 0.        +0.j]
 [0.        +0.j 0.        +0.j 0.        +0.j ... 0.        +0.j
  0.00465463+0.j 0.        +0.j]
 [0.12922739+0.j 0.        +0.j 0.        +0.j ... 0.        +0.j
  0.        +0.j 0.2211907 +0.j]]"
2.23606797749979,0.0505050505050505,0.9197825910900937,0.9196081028282239,0.8907187000775699,0.8589427639637262,,"[[0.214441  +0.j 0.        +0.j 0.        +0.j ... 0.        +0.j
  0.        +0.j 0.10909945+0.j]
 [0.        +0.j 0.00569929+0.j 0.        +0.j ... 0.        +0.j
  0.        +0.j 0.        +0.j]
 [0.        +0.j 0.        +0.j 0.00569929+0.j ... 0.        +0.j
  0.        +0.j 0.        +0.j]
 ...
 [0.        +0.j 0.        +0.j 0.        +0.j ... 0.00569929+0.j
  0.        +0.j 0.        +0.j]
 [0.        +0.j 0.        +0.j 0.        +0.j ... 0.        +0.j
  0.00569929+0.j 0.        +0.j]
 [0.10909945+0.j 0.        +0.j 0.        +0.j ... 0.        +0.j
  0.        +0.j 0.214441  +0.j]]"
2.449489742783178,0.0606060606060606,0.9055470427023187,0.9053439934897345,0.8712857225722248,0.8331322419302902,,"[[0.20786566+0.j 0.        +0.j 0.        +0.j ... 0.        +0.j
  0.        +0.j 0.09193991+0.j]
 [0.        +0.j 0.00669859+0.j 0.        +0.j ... 0.        +0.j
  0.        +0.j 0.        +0.j]
 [0.        +0.j 0.        +0.j 0.00669859+0.j ... 0.        +0.j
  0.        +0.j 0.        +0.j]
 ...
 [0.        +0.j 0.        +0.j 0.        +0.j ... 0.00669859+0.j
  0.        +0.j 0.        +0.j]
 [0.        +0.j 0.        +0.j 0.        +0.j ... 0.        +0.j
  0.00669859+0.j 0.        +0.j]
 [0.09193991+0.j 0.        +0.j 0.        +0.j ... 0.        +0.j
  0.        +0.j 0.20786566+0.j]]"
2.6457513110645907,0.0707070707070707,0.8918647285251953,0.891635130666864,0.8526066806241508,0.8080802118289508,,"[[0.20146139+0.j 0.        +0.j 0.        +0.j ... 0.        +0.j
  0.        +0.j 0.07733608+0.j]
 [0.        +0.j 0.00765362+0.j 0.        +0.j ... 0.        +0.j
  0.        +0.j 0.        +0.j]
 [0.        +0.j 0.        +0.j 0.00765362+0.j ... 0.        +0.j
  0.        +0.j 0.        +0.j]
 ...
 [0.        +0.j 0.        +0.j 0.        +0.j ... 0.00765362+0.j
  0.        +0.j 0.        +0.j]
 [0.        +0.j 0.        +0.j 0.        +0.j ... 0.        +0.j
  0.00765362+0.j 0.        +0.j]
 [0.07733608+0.j 0.        +0.j 0.        +0.j ... 0.        +0.j
  0.        +0.j 0.20146139+0.j]]"
2.8284271247461903,0.0808080808080808,0.8787148005356303,0.8784606176685057,0.8346583125323285,0.7837690641775394,,"[[0.19522494+0.j 0.        +0.j 0.        +0.j ... 0.        +0.j
  0.        +0.j 0.06492907+0.j]
 [0.        +0.j 0.00856546+0.j 0.        +0.j ... 0.        +0.j
  0.        +0.j 0.        +0.j]
 [0.        +0.j 0.        +0.j 0.00856546+0.j ... 0.        +0.j
  0.        +0.j 0.        +0.j]
 ...
 [0.        +0.j 0.        +0.j 0.        +0.j ... 0.00856546+0.j
  0.        +0.j 0.        +0.j]
 [0.        +0.j 0.        +0.j 0.        +0.j ... 0.        +0.j
  0.00856546+0.j 0.        +0.j]
 [0.06492907+0.j 0.        +0.j 0.        +0.j ... 0.        +0.j
  0.        +0.j 0.19522494+0.j]]"
3.0,0.0909090909090909,0.8660766417890574,0.865799786247378,0.8174173081843067,0.7601813101775785,,"[[0.18915311+0.j 0.        +0.j 0.        +0.j ... 0.        +0.j
  0.        +0.j 0.05440728+0.j]
 [0.        +0.j 0.00943519+0.j 0.        +0.j ... 0.        +0.j
  0.        +0.j 0.        +0.j]
 [0.        +0.j 0.        +0.j 0.00943519+0.j ... 0.        +0.j
  0.        +0.j 0.        +0.j]
 ...
 [0.        +0.j 0.        +0.j 0.        +0.j ... 0.00943519+0.j
  0.        +0.j 0.        +0.j]
 [0.        +0.j 0.        +0.j 0.        +0.j ... 0.        +0.j
  0.00943519+0.j 0.        +0.j]
 [0.05440728+0.j 0.        +0.j 0.        +0.j ... 0.        +0.j
  0.        +0.j 0.18915311+0.j]]"
3.1622776601683795,0.101010101010101,0.8539299018001761,0.853632232163418,0.8008603067505973,0.7372996148221194,,"[[0.1832427 +0.j 0.        +0.j 0.        +0.j ... 0.        +0.j
  0.        +0.j 0.04550059+0.j]
 [0.        +0.j 0.01026386+0.j 0.        +0.j ... 0.        +0.j
  0.        +0.j 0.        +0.j]
 [0.        +0.j 0.        +0.j 0.01026386+0.j ... 0.        +0.j
  0.        +0.j 0.        +0.j]
 ...
 [0.        +0.j 0.        +0.j 0.        +0.j ... 0.01026386+0.j
  0.        +0.j 0.        +0.j]
 [0.        +0.j 0.        +0.j 0.        +0.j ... 0.        +0.j
  0.01026386+0.j 0.        +0.j]
 [0.04550059+0.j 0.        +0.j 0.        +0.j ... 0.        +0.j
  0.        +0.j 0.1832427 +0.j]]"
3.3166247903554,0.1111111111111111,0.8422545312500344,0.8419378501094653,0.7849639914421357,0.7151067927275121,,"[[0.17749057+0.j 0.        +0.j 0.        +0.j ... 0.        +0.j
  0.        +0.j 0.03797516+0.j]
 [0.        +0.j 0.01105253+0.j 0.        +0.j ... 0.        +0.j
  0.        +0.j 0.        +0.j]
 [0.        +0.j 0.        +0.j 0.01105253+0.j ... 0.        +0.j
  0.        +0.j 0.        +0.j]
 ...
 [0.        +0.j 0.        +0.j 0.        +0.j ... 0.01105253+0.j
  0.        +0.j 0.        +0.j]
 [0.        +0.j 0.        +0.j 0.        +0.j ... 0.        +0.j
  0.01105253+0.j 0.        +0.j]
 [0.03797516+0.j 0.        +0.j 0.        +0.j ... 0.        +0.j
  0.        +0.j 0.17749057+0.j]]"
3.4641016151377544,0.1212121212121212,0.8310308157164323,0.8306968676808318,0.769705061787078,0.6935858105612492,,"[[0.17189362+0.j 0.        +0.j 0.        +0.j ... 0.        +0.j
  0.        +0.j 0.03162896+0.j]
 [0.        +0.j 0.01180222+0.j 0.        +0.j ... 0.        +0.j
  0.        +0.j 0.        +0.j]
 [0.        +0.j 0.        +0.j 0.01180222+0.j ... 0.        +0.j
  0.        +0.j 0.        +0.j]
 ...
 [0.        +0.j 0.        +0.j 0.        +0.j ... 0.01180222+0.j
  0.        +0.j 0.        +0.j]
 [0.        +0.j 0.        +0.j 0.        +0.j ... 0.        +0.j
  0.01180222+0.j 0.        +0.j]
 [0.03162896+0.j 0.        +0.j 0.        +0.j ... 0.        +0.j
  0.        +0.j 0.17189362+0.j]]"
3.605551275463989,0.1313131313131313,0.8202394081343795,0.8198898780893571,0.7550603086506241,0.6727197898151518,,"[[0.16644876+0.j 0.        +0.j 0.        +0.j ... 0.        +0.j
  0.        +0.j 0.02628767+0.j]
 [0.        +0.j 0.01251397+0.j 0.        +0.j ... 0.        +0.j
  0.        +0.j 0.        +0.j]
 [0.        +0.j 0.        +0.j 0.01251397+0.j ... 0.        +0.j
  0.        +0.j 0.        +0.j]
 ...
 [0.        +0.j 0.        +0.j 0.        +0.j ... 0.01251397+0.j
  0.        +0.j 0.        +0.j]
 [0.        +0.j 0.        +0.j 0.        +0.j ... 0.        +0.j
  0.01251397+0.j 0.        +0.j]
 [0.02628767+0.j 0.        +0.j 0.        +0.j ... 0.        +0.j
  0.        +0.j 0.16644876+0.j]]"
3.7416573867739413,0.1414141414141414,0.8098613596890566,0.8094978713222983,0.7410066224620633,0.6524920143665367,,"[[0.16115297+0.j 0.        +0.j 0.        +0.j ... 0.        +0.j
  0.        +0.j 0.02180117+0.j]
 [0.        +0.j 0.01318878+0.j 0.        +0.j ... 0.        +0.j
  0.        +0.j 0.        +0.j]
 [0.        +0.j 0.        +0.j 0.01318878+0.j ... 0.        +0.j
  0.        +0.j 0.        +0.j]
 ...
 [0.        +0.j 0.        +0.j 0.        +0.j ... 0.01318878+0.j
  0.        +0.j 0.        +0.j]
 [0.        +0.j 0.        +0.j 0.        +0.j ... 0.        +0.j
  0.01318878+0.j 0.        +0.j]
 [0.02180117+0.j 0.        +0.j 0.        +0.j ... 0.        +0.j
  0.        +0.j 0.16115297+0.j]]"
3.872983346207417,0.1515151515151515,0.7998781488790169,0.7995022634852893,0.7275210720595995,0.6328859118264569,,"[[0.15600324+0.j 0.        +0.j 0.        +0.j ... 0.        +0.j
  0.        +0.j 0.01804037+0.j]
 [0.        +0.j 0.01382766+0.j 0.        +0.j ... 0.        +0.j
  0.        +0.j 0.        +0.j]
 [0.        +0.j 0.        +0.j 0.01382766+0.j ... 0.        +0.j
  0.        +0.j 0.        +0.j]
 ...
 [0.        +0.j 0.        +0.j 0.        +0.j ... 0.01382766+0.j
  0.        +0.j 0.        +0.j]
 [0.        +0.j 0.        +0.j 0.        +0.j ... 0.        +0.j
  0.01382766+0.j 0.        +0.j]
 [0.01804037+0.j 0.        +0.j 0.        +0.j ... 0.        +0.j
  0.        +0.j 0.15600324+0.j]]"
4.0,0.1616161616161616,0.7902717085224941,0.7898849240902175,0.7145809158582905,0.6138851017154405,,"[[0.15099659+0.j 0.        +0.j 0.        +0.j ... 0.        +0.j
  0.        +0.j 0.01489452+0.j]
 [0.        +0.j 0.0144316 +0.j 0.        +0.j ... 0.        +0.j
  0.        +0.j 0.        +0.j]
 [0.        +0.j 0.        +0.j 0.0144316 +0.j ... 0.        +0.j
  0.        +0.j 0.        +0.j]
 ...
 [0.        +0.j 0.        +0.j 0.        +0.j ... 0.0144316 +0.j
  0.        +0.j 0.        +0.j]
 [0.        +0.j 0.        +0.j 0.        +0.j ... 0.        +0.j
  0.0144316 +0.j 0.        +0.j]
 [0.01489452+0.j 0.        +0.j 0.        +0.j ... 0.        +0.j
  0.        +0.j 0.15099659+0.j]]"
4.123105625617661,0.1717171717171717,0.7810244505060966,0.7806282010860687,0.7021636764207159,0.5954733554159561,,"[[0.1461301 +0.j 0.        +0.j 0.        +0.j ... 0.        +0.j
  0.        +0.j 0.0122687 +0.j]
 [0.        +0.j 0.01500158+0.j 0.        +0.j ... 0.        +0.j
  0.        +0.j 0.        +0.j]
 [0.        +0.j 0.        +0.j 0.01500158+0.j ... 0.        +0.j
  0.        +0.j 0.        +0.j]
 ...
 [0.        +0.j 0.        +0.j 0.        +0.j ... 0.01500158+0.j
  0.        +0.j 0.        +0.j]
 [0.        +0.j 0.        +0.j 0.        +0.j ... 0.        +0.j
  0.01500158+0.j 0.        +0.j]
 [0.0122687 +0.j 0.        +0.j 0.        +0.j ... 0.        +0.j
  0.        +0.j 0.1461301 +0.j]]"
4.242640687119285,0.1818181818181818,0.7721192881118708,0.7717149434702633,0.690247146356207,0.5776346229573246,,"[[0.14140086+0.j 0.        +0.j 0.        +0.j ... 0.        +0.j
  0.        +0.j 0.01008178+0.j]
 [0.        +0.j 0.01553856+0.j 0.        +0.j ... 0.        +0.j
  0.        +0.j 0.        +0.j]
 [0.        +0.j 0.        +0.j 0.01553856+0.j ... 0.        +0.j
  0.        +0.j 0.        +0.j]
 ...
 [0.        +0.j 0.        +0.j 0.        +0.j ... 0.01553856+0.j
  0.        +0.j 0.        +0.j]
 [0.        +0.j 0.        +0.j 0.        +0.j ... 0.        +0.j
  0.01553856+0.j 0.        +0.j]
 [0.01008178+0.j 0.        +0.j 0.        +0.j ... 0.        +0.j
  0.        +0.j 0.14140086+0.j]]"
4.358898943540674,0.1919191919191919,0.7635396558068848,0.7631285213485994,0.6788094566062137,0.560353033596888,,"[[0.13680602+0.j 0.        +0.j 0.        +0.j ... 0.        +0.j
  0.        +0.j 0.0082645 +0.j]
 [0.        +0.j 0.01604349+0.j 0.        +0.j ... 0.        +0.j
  0.        +0.j 0.        +0.j]
 [0.        +0.j 0.        +0.j 0.01604349+0.j ... 0.        +0.j
  0.        +0.j 0.        +0.j]
 ...
 [0.        +0.j 0.        +0.j 0.        +0.j ... 0.01604349+0.j
  0.        +0.j 0.        +0.j]
 [0.        +0.j 0.        +0.j 0.        +0.j ... 0.        +0.j
  0.01604349+0.j 0.        +0.j]
 [0.0082645 +0.j 0.        +0.j 0.        +0.j ... 0.        +0.j
  0.        +0.j 0.13680602+0.j]]"
4.47213595499958,0.202020202020202,0.75526952640219,0.7548528433609719,0.6678291170638125,0.5436129012010287,,"[[0.13234273+0.j 0.        +0.j 0.        +0.j ... 0.        +0.j
  0.        +0.j 0.00675788+0.j]
 [0.        +0.j 0.01651732+0.j 0.        +0.j ... 0.        +0.j
  0.        +0.j 0.        +0.j]
 [0.        +0.j 0.        +0.j 0.01651732+0.j ... 0.        +0.j
  0.        +0.j 0.        +0.j]
 ...
 [0.        +0.j 0.        +0.j 0.        +0.j ... 0.01651732+0.j
  0.        +0.j 0.        +0.j]
 [0.        +0.j 0.        +0.j 0.        +0.j ... 0.        +0.j
  0.01651732+0.j 0.        +0.j]
 [0.00675788+0.j 0.        +0.j 0.        +0.j ... 0.        +0.j
  0.        +0.j 0.13234273+0.j]]"
4.58257569495584,0.2121212121212121,0.7472934255344198,0.7468723714151164,0.6572850356202531,0.5273987299839049,,"[[0.12800822+0.j 0.        +0.j 0.        +0.j ... 0.        +0.j
  0.        +0.j 0.00551176+0.j]
 [0.        +0.j 0.01696099+0.j 0.        +0.j ... 0.        +0.j
  0.        +0.j 0.        +0.j]
 [0.        +0.j 0.        +0.j 0.01696099+0.j ... 0.        +0.j
  0.        +0.j 0.        +0.j]
 ...
 [0.        +0.j 0.        +0.j 0.        +0.j ... 0.01696099+0.j
  0.        +0.j 0.        +0.j]
 [0.        +0.j 0.        +0.j 0.        +0.j ... 0.        +0.j
  0.01696099+0.j 0.        +0.j]
 [0.00551176+0.j 0.        +0.j 0.        +0.j ... 0.        +0.j
  0.        +0.j 0.12800822+0.j]]"
4.69041575982343,0.2222222222222222,0.7395964434576954,0.7391721327149731,0.6471566019471988,0.5116952205871701,,"[[0.12379973+0.j 0.        +0.j 0.        +0.j ... 0.        +0.j
  0.        +0.j 0.00448362+0.j]
 [0.        +0.j 0.0173754 +0.j 0.        +0.j ... 0.        +0.j
  0.        +0.j 0.        +0.j]
 [0.        +0.j 0.        +0.j 0.0173754 +0.j ... 0.        +0.j
  0.        +0.j 0.        +0.j]
 ...
 [0.        +0.j 0.        +0.j 0.        +0.j ... 0.0173754 +0.j
  0.        +0.j 0.        +0.j]
 [0.        +0.j 0.        +0.j 0.        +0.j ... 0.        +0.j
  0.0173754 +0.j 0.        +0.j]
 [0.00448362+0.j 0.        +0.j 0.        +0.j ... 0.        +0.j
  0.        +0.j 0.12379973+0.j]]"
4.795831523312719,0.2323232323232323,0.7321642441625039,0.7317377290998347,0.6374236805377812,0.4964872764789647,,"[[0.11971452+0.j 0.        +0.j 0.        +0.j ... 0.        +0.j
  0.        +0.j 0.00363743+0.j]
 [0.        +0.j 0.01776147+0.j 0.        +0.j ... 0.        +0.j
  0.        +0.j 0.        +0.j]
 [0.        +0.j 0.        +0.j 0.01776147+0.j ... 0.        +0.j
  0.        +0.j 0.        +0.j]
 ...
 [0.        +0.j 0.        +0.j 0.        +0.j ... 0.01776147+0.j
  0.        +0.j 0.        +0.j]
 [0.        +0.j 0.        +0.j 0.        +0.j ... 0.        +0.j
  0.01776147+0.j 0.        +0.j]
 [0.00363743+0.j 0.        +0.j 0.        +0.j ... 0.        +0.j
  0.        +0.j 0.11971452+0.j]]"
4.898979485566356,0.2424242424242424,0.7249830718704181,0.7245553437408171,0.6280666676845913,0.4817600106453601,,"[[0.11574991+0.j 0.        +0.j 0.        +0.j ... 0.        +0.j
  0.        +0.j 0.00294278+0.j]
 [0.        +0.j 0.01812009+0.j 0.        +0.j ... 0.        +0.j
  0.        +0.j 0.        +0.j]
 [0.        +0.j 0.        +0.j 0.01812009+0.j ... 0.        +0.j
  0.        +0.j 0.        +0.j]
 ...
 [0.        +0.j 0.        +0.j 0.        +0.j ... 0.01812009+0.j
  0.        +0.j 0.        +0.j]
 [0.        +0.j 0.        +0.j 0.        +0.j ... 0.        +0.j
  0.01812009+0.j 0.        +0.j]
 [0.00294278+0.j 0.        +0.j 0.        +0.j ... 0.        +0.j
  0.        +0.j 0.11574991+0.j]]"
5.0,0.2525252525252525,0.7180397549799471,0.7176117452701788,0.6190665190361306,0.46749875254238715,,"[[0.11190325+0.j 0.        +0.j 0.        +0.j ... 0.        +0.j
  0.        +0.j 0.00237402+0.j]
 [0.        +0.j 0.01845215+0.j 0.        +0.j ... 0.        +0.j
  0.        +0.j 0.        +0.j]
 [0.        +0.j 0.        +0.j 0.01845215+0.j ... 0.        +0.j
  0.        +0.j 0.        +0.j]
 ...
 [0.        +0.j 0.        +0.j 0.        +0.j ... 0.01845215+0.j
  0.        +0.j 0.        +0.j]
 [0.        +0.j 0.        +0.j 0.        +0.j ... 0.        +0.j
  0.01845215+0.j 0.        +0.j]
 [0.00237402+0.j 0.        +0.j 0.        +0.j ... 0.        +0.j
  0.        +0.j 0.11190325+0.j]]"
5.0990195135927845,0.2626262626262626,0.7113217075651113,0.710894289439068,0.610404778472996,0.4536890552717161,,"[[0.10817193+0.j 0.        +0.j 0.        +0.j ... 0.        +0.j
  0.        +0.j 0.0019096 +0.j]
 [0.        +0.j 0.01875853+0.j 0.        +0.j ... 0.        +0.j
  0.        +0.j 0.        +0.j]
 [0.        +0.j 0.        +0.j 0.01875853+0.j ... 0.        +0.j
  0.        +0.j 0.        +0.j]
 ...
 [0.        +0.j 0.        +0.j 0.        +0.j ... 0.01875853+0.j
  0.        +0.j 0.        +0.j]
 [0.        +0.j 0.        +0.j 0.        +0.j ... 0.        +0.j
  0.01875853+0.j 0.        +0.j]
 [0.0019096 +0.j 0.        +0.j 0.        +0.j ... 0.        +0.j
  0.        +0.j 0.10817193+0.j]]"
5.196152422706632,0.2727272727272727,0.7048169285400332,0.7043909184262356,0.6020636080924797,0.44031670293820274,,"[[0.10455335+0.j 0.        +0.j 0.        +0.j ... 0.        +0.j
  0.        +0.j 0.00153143+0.j]
 [0.        +0.j 0.01904007+0.j 0.        +0.j ... 0.        +0.j
  0.        +0.j 0.        +0.j]
 [0.        +0.j 0.        +0.j 0.01904007+0.j ... 0.        +0.j
  0.        +0.j 0.        +0.j]
 ...
 [0.        +0.j 0.        +0.j 0.        +0.j ... 0.01904007+0.j
  0.        +0.j 0.        +0.j]
 [0.        +0.j 0.        +0.j 0.        +0.j ... 0.        +0.j
  0.01904007+0.j 0.        +0.j]
 [0.00153143+0.j 0.        +0.j 0.        +0.j ... 0.        +0.j
  0.        +0.j 0.10455335+0.j]]"
5.291502622129181,0.2828282828282829,0.6985139986295572,0.698090157926526,0.5940257881386719,0.42736771814294616,,"[[0.10104498+0.j 0.        +0.j 0.        +0.j ... 0.        +0.j
  0.        +0.j 0.00122436+0.j]
 [0.        +0.j 0.01929763+0.j 0.        +0.j ... 0.        +0.j
  0.        +0.j 0.        +0.j]
 [0.        +0.j 0.        +0.j 0.01929763+0.j ... 0.        +0.j
  0.        +0.j 0.        +0.j]
 ...
 [0.        +0.j 0.        +0.j 0.        +0.j ... 0.01929763+0.j
  0.        +0.j 0.        +0.j]
 [0.        +0.j 0.        +0.j 0.        +0.j ... 0.        +0.j
  0.01929763+0.j 0.        +0.j]
 [0.00122436+0.j 0.        +0.j 0.        +0.j ... 0.        +0.j
  0.        +0.j 0.10104498+0.j]]"
5.385164807134504,0.2929292929292929,0.6924020752892229,0.6919811121729313,0.5862747798176207,0.4148283695612906,,"[[0.09764429+0.j 0.        +0.j 0.        +0.j ... 0.        +0.j
  0.        +0.j 0.00097577+0.j]
 [0.        +0.j 0.01953205+0.j 0.        +0.j ... 0.        +0.j
  0.        +0.j 0.        +0.j]
 [0.        +0.j 0.        +0.j 0.01953205+0.j ... 0.        +0.j
  0.        +0.j 0.        +0.j]
 ...
 [0.        +0.j 0.        +0.j 0.        +0.j ... 0.01953205+0.j
  0.        +0.j 0.        +0.j]
 [0.        +0.j 0.        +0.j 0.        +0.j ... 0.        +0.j
  0.01953205+0.j 0.        +0.j]
 [0.00097577+0.j 0.        +0.j 0.        +0.j ... 0.        +0.j
  0.        +0.j 0.09764429+0.j]]"
5.477225575051661,0.303030303030303,0.6864708857325296,0.686053457043878,0.5787946959055583,0.4026851795514762,,"[[0.09434882+0.j 0.        +0.j 0.        +0.j ... 0.        +0.j
  0.        +0.j 0.00077511+0.j]
 [0.        +0.j 0.01974415+0.j 0.        +0.j ... 0.        +0.j
  0.        +0.j 0.        +0.j]
 [0.        +0.j 0.        +0.j 0.01974415+0.j ... 0.        +0.j
  0.        +0.j 0.        +0.j]
 ...
 [0.        +0.j 0.        +0.j 0.        +0.j ... 0.01974415+0.j
  0.        +0.j 0.        +0.j]
 [0.        +0.j 0.        +0.j 0.        +0.j ... 0.        +0.j
  0.01974415+0.j 0.        +0.j]
 [0.00077511+0.j 0.        +0.j 0.        +0.j ... 0.        +0.j
  0.        +0.j 0.09434882+0.j]]"
5.5677643628300215,0.3131313131313131,0.6807107182300797,0.6802974314236269,0.5715703342209522,0.39092493486912894,,"[[0.09115612+0.j 0.        +0.j 0.        +0.j ... 0.        +0.j
  0.        +0.j 0.00061365+0.j]
 [0.        +0.j 0.01993475+0.j 0.        +0.j ... 0.        +0.j
  0.        +0.j 0.        +0.j]
 [0.        +0.j 0.        +0.j 0.01993475+0.j ... 0.        +0.j
  0.        +0.j 0.        +0.j]
 ...
 [0.        +0.j 0.        +0.j 0.        +0.j ... 0.01993475+0.j
  0.        +0.j 0.        +0.j]
 [0.        +0.j 0.        +0.j 0.        +0.j ... 0.        +0.j
  0.01993475+0.j 0.        +0.j]
 [0.00061365+0.j 0.        +0.j 0.        +0.j ... 0.        +0.j
  0.        +0.j 0.09115612+0.j]]"
5.656854249492381,0.3232323232323232,0.675112411841848,0.6747038269793398,0.5645871809914742,0.37953467849963407,,"[[0.08806379+0.j 0.        +0.j 0.        +0.j ... 0.        +0.j
  0.        +0.j 0.00048414+0.j]
 [0.        +0.j 0.02010464+0.j 0.        +0.j ... 0.        +0.j
  0.        +0.j 0.        +0.j]
 [0.        +0.j 0.        +0.j 0.02010464+0.j ... 0.        +0.j
  0.        +0.j 0.        +0.j]
 ...
 [0.        +0.j 0.        +0.j 0.        +0.j ... 0.02010464+0.j
  0.        +0.j 0.        +0.j]
 [0.        +0.j 0.        +0.j 0.        +0.j ... 0.        +0.j
  0.02010464+0.j 0.        +0.j]
 [0.00048414+0.j 0.        +0.j 0.        +0.j ... 0.        +0.j
  0.        +0.j 0.08806379+0.j]]"
5.744562646538029,0.3333333333333333,0.6696673447543663,0.6692639765236578,0.5578314152340105,0.36850174833111826,,"[[0.08506944+0.j 0.        +0.j 0.        +0.j ... 0.        +0.j
  0.        +0.j 0.00038061+0.j]
 [0.        +0.j 0.02025463+0.j 0.        +0.j ... 0.        +0.j
  0.        +0.j 0.        +0.j]
 [0.        +0.j 0.        +0.j 0.02025463+0.j ... 0.        +0.j
  0.        +0.j 0.        +0.j]
 ...
 [0.        +0.j 0.        +0.j 0.        +0.j ... 0.02025463+0.j
  0.        +0.j 0.        +0.j]
 [0.        +0.j 0.        +0.j 0.        +0.j ... 0.        +0.j
  0.02025463+0.j 0.        +0.j]
 [0.00038061+0.j 0.        +0.j 0.        +0.j ... 0.        +0.j
  0.        +0.j 0.08506944+0.j]]"
5.830951894845301,0.3434343434343435,0.6643674213802274,0.6639697411282732,0.5512899142919809,0.35781375296523693,,"[[0.08217076+0.j 0.        +0.j 0.        +0.j ... 0.        +0.j
  0.        +0.j 0.00029812+0.j]
 [0.        +0.j 0.02038548+0.j 0.        +0.j ... 0.        +0.j
  0.        +0.j 0.        +0.j]
 [0.        +0.j 0.        +0.j 0.02038548+0.j ... 0.        +0.j
  0.        +0.j 0.        +0.j]
 ...
 [0.        +0.j 0.        +0.j 0.        +0.j ... 0.02038548+0.j
  0.        +0.j 0.        +0.j]
 [0.        +0.j 0.        +0.j 0.        +0.j ... 0.        +0.j
  0.02038548+0.j 0.        +0.j]
 [0.00029812+0.j 0.        +0.j 0.        +0.j ... 0.        +0.j
  0.        +0.j 0.08217076+0.j]]"
5.916079783099616,0.3535353535353536,0.6592050583905045,0.658813496152464,0.5449502341245112,0.3474585942438647,,"[[0.07936543+0.j 0.        +0.j 0.        +0.j ... 0.        +0.j
  0.        +0.j 0.00023263+0.j]
 [0.        +0.j 0.02049797+0.j 0.        +0.j ... 0.        +0.j
  0.        +0.j 0.        +0.j]
 [0.        +0.j 0.        +0.j 0.02049797+0.j ... 0.        +0.j
  0.        +0.j 0.        +0.j]
 ...
 [0.        +0.j 0.        +0.j 0.        +0.j ... 0.02049797+0.j
  0.        +0.j 0.        +0.j]
 [0.        +0.j 0.        +0.j 0.        +0.j ... 0.        +0.j
  0.02049797+0.j 0.        +0.j]
 [0.00023263+0.j 0.        +0.j 0.        +0.j ... 0.        +0.j
  0.        +0.j 0.07936543+0.j]]"
6.0,0.3636363636363636,0.6541731698273591,0.6537881163393073,0.5388006265697299,0.337424470646092,,"[[0.07665119+0.j 0.        +0.j 0.        +0.j ... 0.        +0.j
  0.        +0.j 0.00018081+0.j]
 [0.        +0.j 0.02059286+0.j 0.        +0.j ... 0.        +0.j
  0.        +0.j 0.        +0.j]
 [0.        +0.j 0.        +0.j 0.02059286+0.j ... 0.        +0.j
  0.        +0.j 0.        +0.j]
 ...
 [0.        +0.j 0.        +0.j 0.        +0.j ... 0.02059286+0.j
  0.        +0.j 0.        +0.j]
 [0.        +0.j 0.        +0.j 0.        +0.j ... 0.        +0.j
  0.02059286+0.j 0.        +0.j]
 [0.00018081+0.j 0.        +0.j 0.        +0.j ... 0.        +0.j
  0.        +0.j 0.07665119+0.j]]"
6.082762530298219,0.3737373737373737,0.6492651514467962,0.6488869601351629,0.5328300317794534,0.32769988726082405,,"[[0.0740258 +0.j 0.        +0.j 0.        +0.j ... 0.        +0.j
  0.        +0.j 0.00013997+0.j]
 [0.        +0.j 0.02067087+0.j 0.        +0.j ... 0.        +0.j
  0.        +0.j 0.        +0.j]
 [0.        +0.j 0.        +0.j 0.02067087+0.j ... 0.        +0.j
  0.        +0.j 0.        +0.j]
 ...
 [0.        +0.j 0.        +0.j 0.        +0.j ... 0.02067087+0.j
  0.        +0.j 0.        +0.j]
 [0.        +0.j 0.        +0.j 0.        +0.j ... 0.        +0.j
  0.02067087+0.j 0.        +0.j]
 [0.00013997+0.j 0.        +0.j 0.        +0.j ... 0.        +0.j
  0.        +0.j 0.0740258 +0.j]]"
6.164414002968976,0.3838383838383838,0.6444748644401761,0.644103853369509,0.5270280504877562,0.3182736422895619,,"[[0.07148708+0.j 0.        +0.j 0.        +0.j ... 0.        +0.j
  0.        +0.j 0.00010791+0.j]
 [0.        +0.j 0.02073275+0.j 0.        +0.j ... 0.        +0.j
  0.        +0.j 0.        +0.j]
 [0.        +0.j 0.        +0.j 0.02073275+0.j ... 0.        +0.j
  0.        +0.j 0.        +0.j]
 ...
 [0.        +0.j 0.        +0.j 0.        +0.j ... 0.02073275+0.j
  0.        +0.j 0.        +0.j]
 [0.        +0.j 0.        +0.j 0.        +0.j ... 0.        +0.j
  0.02073275+0.j 0.        +0.j]
 [0.00010791+0.j 0.        +0.j 0.        +0.j ... 0.        +0.j
  0.        +0.j 0.07148708+0.j]]"
6.244997998398398,0.393939393939394,0.6397966186547741,0.6394330724352885,0.5213849273646607,0.3091348705955766,,"[[6.90328577e-02+0.j 0.00000000e+00+0.j 0.00000000e+00+0.j ...
  0.00000000e+00+0.j 0.00000000e+00+0.j 8.28317623e-05+0.j]
 [0.00000000e+00+0.j 2.07792219e-02+0.j 0.00000000e+00+0.j ...
  0.00000000e+00+0.j 0.00000000e+00+0.j 0.00000000e+00+0.j]
 [0.00000000e+00+0.j 0.00000000e+00+0.j 2.07792219e-02+0.j ...
  0.00000000e+00+0.j 0.00000000e+00+0.j 0.00000000e+00+0.j]
 ...
 [0.00000000e+00+0.j 0.00000000e+00+0.j 0.00000000e+00+0.j ...
  2.07792219e-02+0.j 0.00000000e+00+0.j 0.00000000e+00+0.j]
 [0.00000000e+00+0.j 0.00000000e+00+0.j 0.00000000e+00+0.j ...
  0.00000000e+00+0.j 2.07792219e-02+0.j 0.00000000e+00+0.j]
 [8.28317623e-05+0.j 0.00000000e+00+0.j 0.00000000e+00+0.j ...
  0.00000000e+00+0.j 0.00000000e+00+0.j 6.90328577e-02+0.j]]"
6.324555320336759,0.4040404040404041,0.6352251554500151,0.6348693270876442,0.5158915767091719,0.3002730121850036,,"[[6.66610124e-02+0.j 0.00000000e+00+0.j 0.00000000e+00+0.j ...
  0.00000000e+00+0.j 0.00000000e+00+0.j 6.33007829e-05+0.j]
 [0.00000000e+00+0.j 2.08109859e-02+0.j 0.00000000e+00+0.j ...
  0.00000000e+00+0.j 0.00000000e+00+0.j 0.00000000e+00+0.j]
 [0.00000000e+00+0.j 0.00000000e+00+0.j 2.08109859e-02+0.j ...
  0.00000000e+00+0.j 0.00000000e+00+0.j 0.00000000e+00+0.j]
 ...
 [0.00000000e+00+0.j 0.00000000e+00+0.j 0.00000000e+00+0.j ...
  2.08109859e-02+0.j 0.00000000e+00+0.j 0.00000000e+00+0.j]
 [0.00000000e+00+0.j 0.00000000e+00+0.j 0.00000000e+00+0.j ...
  0.00000000e+00+0.j 2.08109859e-02+0.j 0.00000000e+00+0.j]
 [6.33007829e-05+0.j 0.00000000e+00+0.j 0.00000000e+00+0.j ...
  0.00000000e+00+0.j 0.00000000e+00+0.j 6.66610124e-02+0.j]]"
6.4031242374328485,0.4141414141414142,0.6307556302930755,0.6304077429825523,0.5105395222495567,0.291677824353404,,"[[6.43694522e-02+0.j 0.00000000e+00+0.j 0.00000000e+00+0.j ...
  0.00000000e+00+0.j 0.00000000e+00+0.j 4.81531600e-05+0.j]
 [0.00000000e+00+0.j 2.08287419e-02+0.j 0.00000000e+00+0.j ...
  0.00000000e+00+0.j 0.00000000e+00+0.j 0.00000000e+00+0.j]
 [0.00000000e+00+0.j 0.00000000e+00+0.j 2.08287419e-02+0.j ...
  0.00000000e+00+0.j 0.00000000e+00+0.j 0.00000000e+00+0.j]
 ...
 [0.00000000e+00+0.j 0.00000000e+00+0.j 0.00000000e+00+0.j ...
  2.08287419e-02+0.j 0.00000000e+00+0.j 0.00000000e+00+0.j]
 [0.00000000e+00+0.j 0.00000000e+00+0.j 0.00000000e+00+0.j ...
  0.00000000e+00+0.j 2.08287419e-02+0.j 0.00000000e+00+0.j]
 [4.81531600e-05+0.j 0.00000000e+00+0.j 0.00000000e+00+0.j ...
  0.00000000e+00+0.j 0.00000000e+00+0.j 6.43694522e-02+0.j]]"
6.48074069840786,0.4242424242424242,0.6263835952058984,0.6260438440579577,0.5053209019127716,0.28333940340916264,,"[[6.21561217e-02+0.j 0.00000000e+00+0.j 0.00000000e+00+0.j ...
  0.00000000e+00+0.j 0.00000000e+00+0.j 3.64564676e-05+0.j]
 [0.00000000e+00+0.j 2.08331752e-02+0.j 0.00000000e+00+0.j ...
  0.00000000e+00+0.j 0.00000000e+00+0.j 0.00000000e+00+0.j]
 [0.00000000e+00+0.j 0.00000000e+00+0.j 2.08331752e-02+0.j ...
  0.00000000e+00+0.j 0.00000000e+00+0.j 0.00000000e+00+0.j]
 ...
 [0.00000000e+00+0.j 0.00000000e+00+0.j 0.00000000e+00+0.j ...
  2.08331752e-02+0.j 0.00000000e+00+0.j 0.00000000e+00+0.j]
 [0.00000000e+00+0.j 0.00000000e+00+0.j 0.00000000e+00+0.j ...
  0.00000000e+00+0.j 2.08331752e-02+0.j 0.00000000e+00+0.j]
 [3.64564676e-05+0.j 0.00000000e+00+0.j 0.00000000e+00+0.j ...
  0.00000000e+00+0.j 0.00000000e+00+0.j 6.21561217e-02+0.j]]"
6.557438524302,0.4343434343434343,0.6221049811533517,0.6217735348545448,0.5002284447591586,0.2752481652732808,,"[[6.00190008e-02+0.j 0.00000000e+00+0.j 0.00000000e+00+0.j ...
  0.00000000e+00+0.j 0.00000000e+00+0.j 2.74653620e-05+0.j]
 [0.00000000e+00+0.j 2.08249591e-02+0.j 0.00000000e+00+0.j ...
  0.00000000e+00+0.j 0.00000000e+00+0.j 0.00000000e+00+0.j]
 [0.00000000e+00+0.j 0.00000000e+00+0.j 2.08249591e-02+0.j ...
  0.00000000e+00+0.j 0.00000000e+00+0.j 0.00000000e+00+0.j]
 ...
 [0.00000000e+00+0.j 0.00000000e+00+0.j 0.00000000e+00+0.j ...
  2.08249591e-02+0.j 0.00000000e+00+0.j 0.00000000e+00+0.j]
 [0.00000000e+00+0.j 0.00000000e+00+0.j 0.00000000e+00+0.j ...
  0.00000000e+00+0.j 2.08249591e-02+0.j 0.00000000e+00+0.j]
 [2.74653620e-05+0.j 0.00000000e+00+0.j 0.00000000e+00+0.j ...
  0.00000000e+00+0.j 0.00000000e+00+0.j 6.00190008e-02+0.j]]"
6.6332495807108,0.4444444444444445,0.6179160804637637,0.6175930828634424,0.49525545444463004,0.2673948586246789,,"[[5.79561043e-02+0.j 0.00000000e+00+0.j 0.00000000e+00+0.j ...
  0.00000000e+00+0.j 0.00000000e+00+0.j 2.05863772e-05+0.j]
 [0.00000000e+00+0.j 2.08047554e-02+0.j 0.00000000e+00+0.j ...
  0.00000000e+00+0.j 0.00000000e+00+0.j 0.00000000e+00+0.j]
 [0.00000000e+00+0.j 0.00000000e+00+0.j 2.08047554e-02+0.j ...
  0.00000000e+00+0.j 0.00000000e+00+0.j 0.00000000e+00+0.j]
 ...
 [0.00000000e+00+0.j 0.00000000e+00+0.j 0.00000000e+00+0.j ...
  2.08047554e-02+0.j 0.00000000e+00+0.j 0.00000000e+00+0.j]
 [0.00000000e+00+0.j 0.00000000e+00+0.j 0.00000000e+00+0.j ...
  0.00000000e+00+0.j 2.08047554e-02+0.j 0.00000000e+00+0.j]
 [2.05863772e-05+0.j 0.00000000e+00+0.j 0.00000000e+00+0.j ...
  0.00000000e+00+0.j 0.00000000e+00+0.j 5.79561043e-02+0.j]]"
6.708203932499369,0.4545454545454546,0.6138135293551634,0.6134991009784431,0.49039577619091235,0.2597705640607128,,"[[5.59654822e-02+0.j 0.00000000e+00+0.j 0.00000000e+00+0.j ...
  0.00000000e+00+0.j 0.00000000e+00+0.j 1.53488928e-05+0.j]
 [0.00000000e+00+0.j 2.07732139e-02+0.j 0.00000000e+00+0.j ...
  0.00000000e+00+0.j 0.00000000e+00+0.j 0.00000000e+00+0.j]
 [0.00000000e+00+0.j 0.00000000e+00+0.j 2.07732139e-02+0.j ...
  0.00000000e+00+0.j 0.00000000e+00+0.j 0.00000000e+00+0.j]
 ...
 [0.00000000e+00+0.j 0.00000000e+00+0.j 0.00000000e+00+0.j ...
  2.07732139e-02+0.j 0.00000000e+00+0.j 0.00000000e+00+0.j]
 [0.00000000e+00+0.j 0.00000000e+00+0.j 0.00000000e+00+0.j ...
  0.00000000e+00+0.j 2.07732139e-02+0.j 0.00000000e+00+0.j]
 [1.53488928e-05+0.j 0.00000000e+00+0.j 0.00000000e+00+0.j ...
  0.00000000e+00+0.j 0.00000000e+00+0.j 5.59654822e-02+0.j]]"
6.782329983125268,0.4646464646464647,0.60979429063646,0.6094885301214507,0.48564379131242014,0.2523666947729086,,"[[5.40452198e-02+0.j 0.00000000e+00+0.j 0.00000000e+00+0.j ...
  0.00000000e+00+0.j 0.00000000e+00+0.j 1.13812722e-05+0.j]
 [0.00000000e+00+0.j 2.07309731e-02+0.j 0.00000000e+00+0.j ...
  0.00000000e+00+0.j 0.00000000e+00+0.j 0.00000000e+00+0.j]
 [0.00000000e+00+0.j 0.00000000e+00+0.j 2.07309731e-02+0.j ...
  0.00000000e+00+0.j 0.00000000e+00+0.j 0.00000000e+00+0.j]
 ...
 [0.00000000e+00+0.j 0.00000000e+00+0.j 0.00000000e+00+0.j ...
  2.07309731e-02+0.j 0.00000000e+00+0.j 0.00000000e+00+0.j]
 [0.00000000e+00+0.j 0.00000000e+00+0.j 0.00000000e+00+0.j ...
  0.00000000e+00+0.j 2.07309731e-02+0.j 0.00000000e+00+0.j]
 [1.13812722e-05+0.j 0.00000000e+00+0.j 0.00000000e+00+0.j ...
  0.00000000e+00+0.j 0.00000000e+00+0.j 5.40452198e-02+0.j]]"
6.855654600401044,0.4747474747474748,0.6058556366444865,0.6055586221039916,0.4809943956211959,0.24517499652586333,,"[[5.21934373e-02+0.j 0.00000000e+00+0.j 0.00000000e+00+0.j ...
  0.00000000e+00+0.j 0.00000000e+00+0.j 8.39132213e-06+0.j]
 [0.00000000e+00+0.j 2.06786593e-02+0.j 0.00000000e+00+0.j ...
  0.00000000e+00+0.j 0.00000000e+00+0.j 0.00000000e+00+0.j]
 [0.00000000e+00+0.j 0.00000000e+00+0.j 2.06786593e-02+0.j ...
  0.00000000e+00+0.j 0.00000000e+00+0.j 0.00000000e+00+0.j]
 ...
 [0.00000000e+00+0.j 0.00000000e+00+0.j 0.00000000e+00+0.j ...
  2.06786593e-02+0.j 0.00000000e+00+0.j 0.00000000e+00+0.j]
 [0.00000000e+00+0.j 0.00000000e+00+0.j 0.00000000e+00+0.j ...
  0.00000000e+00+0.j 2.06786593e-02+0.j 0.00000000e+00+0.j]
 [8.39132213e-06+0.j 0.00000000e+00+0.j 0.00000000e+00+0.j ...
  0.00000000e+00+0.j 0.00000000e+00+0.j 5.21934373e-02+0.j]]"
6.928203230275509,0.4848484848484848,0.6019951324683287,0.6017069227740659,0.47644296187218327,0.23818754916605592,,"[[5.04082903e-02+0.j 0.00000000e+00+0.j 0.00000000e+00+0.j ...
  0.00000000e+00+0.j 0.00000000e+00+0.j 6.15034832e-06+0.j]
 [0.00000000e+00+0.j 2.06168876e-02+0.j 0.00000000e+00+0.j ...
  0.00000000e+00+0.j 0.00000000e+00+0.j 0.00000000e+00+0.j]
 [0.00000000e+00+0.j 0.00000000e+00+0.j 2.06168876e-02+0.j ...
  0.00000000e+00+0.j 0.00000000e+00+0.j 0.00000000e+00+0.j]
 ...
 [0.00000000e+00+0.j 0.00000000e+00+0.j 0.00000000e+00+0.j ...
  2.06168876e-02+0.j 0.00000000e+00+0.j 0.00000000e+00+0.j]
 [0.00000000e+00+0.j 0.00000000e+00+0.j 0.00000000e+00+0.j ...
  0.00000000e+00+0.j 2.06168876e-02+0.j 0.00000000e+00+0.j]
 [6.15034832e-06+0.j 0.00000000e+00+0.j 0.00000000e+00+0.j ...
  0.00000000e+00+0.j 0.00000000e+00+0.j 5.04082903e-02+0.j]]"
7.0,0.494949494949495,0.5982106195068555,0.5979312554986653,0.47198533338431237,0.23139675417540218,,"[[4.86879692e-02+0.j 0.00000000e+00+0.j 0.00000000e+00+0.j ...
  0.00000000e+00+0.j 0.00000000e+00+0.j 4.48019549e-06+0.j]
 [0.00000000e+00+0.j 2.05462611e-02+0.j 0.00000000e+00+0.j ...
  0.00000000e+00+0.j 0.00000000e+00+0.j 0.00000000e+00+0.j]
 [0.00000000e+00+0.j 0.00000000e+00+0.j 2.05462611e-02+0.j ...
  0.00000000e+00+0.j 0.00000000e+00+0.j 0.00000000e+00+0.j]
 ...
 [0.00000000e+00+0.j 0.00000000e+00+0.j 0.00000000e+00+0.j ...
  2.05462611e-02+0.j 0.00000000e+00+0.j 0.00000000e+00+0.j]
 [0.00000000e+00+0.j 0.00000000e+00+0.j 0.00000000e+00+0.j ...
  0.00000000e+00+0.j 2.05462611e-02+0.j 0.00000000e+00+0.j]
 [4.48019549e-06+0.j 0.00000000e+00+0.j 0.00000000e+00+0.j ...
  0.00000000e+00+0.j 0.00000000e+00+0.j 4.86879692e-02+0.j]]"
7.0710678118654755,0.5050505050505051,0.5945001993967673,0.5942297050166702,0.4676177831844349,0.22479535481493873,,"[[4.70306997e-02+0.j 0.00000000e+00+0.j 0.00000000e+00+0.j ...
  0.00000000e+00+0.j 0.00000000e+00+0.j 3.24275528e-06+0.j]
 [0.00000000e+00+0.j 2.04673711e-02+0.j 0.00000000e+00+0.j ...
  0.00000000e+00+0.j 0.00000000e+00+0.j 0.00000000e+00+0.j]
 [0.00000000e+00+0.j 0.00000000e+00+0.j 2.04673711e-02+0.j ...
  0.00000000e+00+0.j 0.00000000e+00+0.j 0.00000000e+00+0.j]
 ...
 [0.00000000e+00+0.j 0.00000000e+00+0.j 0.00000000e+00+0.j ...
  2.04673711e-02+0.j 0.00000000e+00+0.j 0.00000000e+00+0.j]
 [0.00000000e+00+0.j 0.00000000e+00+0.j 0.00000000e+00+0.j ...
  0.00000000e+00+0.j 2.04673711e-02+0.j 0.00000000e+00+0.j]
 [3.24275528e-06+0.j 0.00000000e+00+0.j 0.00000000e+00+0.j ...
  0.00000000e+00+0.j 0.00000000e+00+0.j 4.70306997e-02+0.j]]"
7.14142842854285,0.5151515151515152,0.590862218344005,0.5906006016966701,0.46333702337005045,0.21837641136847358,,"[[4.54347428e-02+0.j 0.00000000e+00+0.j 0.00000000e+00+0.j ...
  0.00000000e+00+0.j 0.00000000e+00+0.j 2.33150684e-06+0.j]
 [0.00000000e+00+0.j 2.03807974e-02+0.j 0.00000000e+00+0.j ...
  0.00000000e+00+0.j 0.00000000e+00+0.j 0.00000000e+00+0.j]
 [0.00000000e+00+0.j 0.00000000e+00+0.j 2.03807974e-02+0.j ...
  0.00000000e+00+0.j 0.00000000e+00+0.j 0.00000000e+00+0.j]
 ...
 [0.00000000e+00+0.j 0.00000000e+00+0.j 0.00000000e+00+0.j ...
  2.03807974e-02+0.j 0.00000000e+00+0.j 0.00000000e+00+0.j]
 [0.00000000e+00+0.j 0.00000000e+00+0.j 0.00000000e+00+0.j ...
  0.00000000e+00+0.j 2.03807974e-02+0.j 0.00000000e+00+0.j]
 [2.33150684e-06+0.j 0.00000000e+00+0.j 0.00000000e+00+0.j ...
  0.00000000e+00+0.j 0.00000000e+00+0.j 4.54347428e-02+0.j]]"
7.211102550927978,0.5252525252525253,0.5872952518864679,0.5870425062279003,0.4591401520194654,0.21213331062545598,,"[[4.38983944e-02+0.j 0.00000000e+00+0.j 0.00000000e+00+0.j ...
  0.00000000e+00+0.j 0.00000000e+00+0.j 1.66472546e-06+0.j]
 [0.00000000e+00+0.j 2.02871080e-02+0.j 0.00000000e+00+0.j ...
  0.00000000e+00+0.j 0.00000000e+00+0.j 0.00000000e+00+0.j]
 [0.00000000e+00+0.j 0.00000000e+00+0.j 2.02871080e-02+0.j ...
  0.00000000e+00+0.j 0.00000000e+00+0.j 0.00000000e+00+0.j]
 ...
 [0.00000000e+00+0.j 0.00000000e+00+0.j 0.00000000e+00+0.j ...
  2.02871080e-02+0.j 0.00000000e+00+0.j 0.00000000e+00+0.j]
 [0.00000000e+00+0.j 0.00000000e+00+0.j 0.00000000e+00+0.j ...
  0.00000000e+00+0.j 2.02871080e-02+0.j 0.00000000e+00+0.j]
 [1.66472546e-06+0.j 0.00000000e+00+0.j 0.00000000e+00+0.j ...
  0.00000000e+00+0.j 0.00000000e+00+0.j 4.38983944e-02+0.j]]"
7.280109889280518,0.5353535353535354,0.5837980901049636,0.5835541947624833,0.4550246473775579,0.20605975217591402,,"[[4.24199856e-02+0.j 0.00000000e+00+0.j 0.00000000e+00+0.j ...
  0.00000000e+00+0.j 0.00000000e+00+0.j 1.18005487e-06+0.j]
 [0.00000000e+00+0.j 2.01868592e-02+0.j 0.00000000e+00+0.j ...
  0.00000000e+00+0.j 0.00000000e+00+0.j 0.00000000e+00+0.j]
 [0.00000000e+00+0.j 0.00000000e+00+0.j 2.01868592e-02+0.j ...
  0.00000000e+00+0.j 0.00000000e+00+0.j 0.00000000e+00+0.j]
 ...
 [0.00000000e+00+0.j 0.00000000e+00+0.j 0.00000000e+00+0.j ...
  2.01868592e-02+0.j 0.00000000e+00+0.j 0.00000000e+00+0.j]
 [0.00000000e+00+0.j 0.00000000e+00+0.j 0.00000000e+00+0.j ...
  0.00000000e+00+0.j 2.01868592e-02+0.j 0.00000000e+00+0.j]
 [1.18005487e-06+0.j 0.00000000e+00+0.j 0.00000000e+00+0.j ...
  0.00000000e+00+0.j 0.00000000e+00+0.j 4.24199856e-02+0.j]]"
7.3484692283495345,0.5454545454545455,0.5803697233045029,0.5801346445288241,0.4509883436076225,0.20014975997598397,,"[[4.09978827e-02+0.j 0.00000000e+00+0.j 0.00000000e+00+0.j ...
  0.00000000e+00+0.j 0.00000000e+00+0.j 8.30189269e-07+0.j]
 [0.00000000e+00+0.j 2.00805956e-02+0.j 0.00000000e+00+0.j ...
  0.00000000e+00+0.j 0.00000000e+00+0.j 0.00000000e+00+0.j]
 [0.00000000e+00+0.j 0.00000000e+00+0.j 2.00805956e-02+0.j ...
  0.00000000e+00+0.j 0.00000000e+00+0.j 0.00000000e+00+0.j]
 ...
 [0.00000000e+00+0.j 0.00000000e+00+0.j 0.00000000e+00+0.j ...
  2.00805956e-02+0.j 0.00000000e+00+0.j 0.00000000e+00+0.j]
 [0.00000000e+00+0.j 0.00000000e+00+0.j 0.00000000e+00+0.j ...
  0.00000000e+00+0.j 2.00805956e-02+0.j 0.00000000e+00+0.j]
 [8.30189269e-07+0.j 0.00000000e+00+0.j 0.00000000e+00+0.j ...
  0.00000000e+00+0.j 0.00000000e+00+0.j 4.09978827e-02+0.j]]"
7.416198487095663,0.5555555555555556,0.5770093281748331,0.5767830199287691,0.44702941009988123,0.19439766221687158,,"[[3.96304870e-02+0.j 0.00000000e+00+0.j 0.00000000e+00+0.j ...
  0.00000000e+00+0.j 0.00000000e+00+0.j 5.79455006e-07+0.j]
 [0.00000000e+00+0.j 1.99688500e-02+0.j 0.00000000e+00+0.j ...
  0.00000000e+00+0.j 0.00000000e+00+0.j 0.00000000e+00+0.j]
 [0.00000000e+00+0.j 0.00000000e+00+0.j 1.99688500e-02+0.j ...
  0.00000000e+00+0.j 0.00000000e+00+0.j 0.00000000e+00+0.j]
 ...
 [0.00000000e+00+0.j 0.00000000e+00+0.j 0.00000000e+00+0.j ...
  1.99688500e-02+0.j 0.00000000e+00+0.j 0.00000000e+00+0.j]
 [0.00000000e+00+0.j 0.00000000e+00+0.j 0.00000000e+00+0.j ...
  0.00000000e+00+0.j 1.99688500e-02+0.j 0.00000000e+00+0.j]
 [5.79455006e-07+0.j 0.00000000e+00+0.j 0.00000000e+00+0.j ...
  0.00000000e+00+0.j 0.00000000e+00+0.j 3.96304870e-02+0.j]]"
7.483314773547883,0.5656565656565657,0.5737162544404186,0.5734986591247373,0.44314633125534536,0.1887980959586513,,"[[3.83162350e-02+0.j 0.00000000e+00+0.j 0.00000000e+00+0.j ...
  0.00000000e+00+0.j 0.00000000e+00+0.j 4.01118031e-07+0.j]
 [0.00000000e+00+0.j 1.98521437e-02+0.j 0.00000000e+00+0.j ...
  0.00000000e+00+0.j 0.00000000e+00+0.j 0.00000000e+00+0.j]
 [0.00000000e+00+0.j 0.00000000e+00+0.j 1.98521437e-02+0.j ...
  0.00000000e+00+0.j 0.00000000e+00+0.j 0.00000000e+00+0.j]
 ...
 [0.00000000e+00+0.j 0.00000000e+00+0.j 0.00000000e+00+0.j ...
  1.98521437e-02+0.j 0.00000000e+00+0.j 0.00000000e+00+0.j]
 [0.00000000e+00+0.j 0.00000000e+00+0.j 0.00000000e+00+0.j ...
  0.00000000e+00+0.j 1.98521437e-02+0.j 0.00000000e+00+0.j]
 [4.01118031e-07+0.j 0.00000000e+00+0.j 0.00000000e+00+0.j ...
  0.00000000e+00+0.j 0.00000000e+00+0.j 3.83162350e-02+0.j]]"
7.54983443527075,0.5757575757575758,0.5704900120040494,0.5702810611260584,0.4393378867859735,0.18334599275409294,,"[[3.70535985e-02+0.j 0.00000000e+00+0.j 0.00000000e+00+0.j ...
  0.00000000e+00+0.j 0.00000000e+00+0.j 2.75274220e-07+0.j]
 [0.00000000e+00+0.j 1.97309860e-02+0.j 0.00000000e+00+0.j ...
  0.00000000e+00+0.j 0.00000000e+00+0.j 0.00000000e+00+0.j]
 [0.00000000e+00+0.j 0.00000000e+00+0.j 1.97309860e-02+0.j ...
  0.00000000e+00+0.j 0.00000000e+00+0.j 0.00000000e+00+0.j]
 ...
 [0.00000000e+00+0.j 0.00000000e+00+0.j 0.00000000e+00+0.j ...
  1.97309860e-02+0.j 0.00000000e+00+0.j 0.00000000e+00+0.j]
 [0.00000000e+00+0.j 0.00000000e+00+0.j 0.00000000e+00+0.j ...
  0.00000000e+00+0.j 1.97309860e-02+0.j 0.00000000e+00+0.j]
 [2.75274220e-07+0.j 0.00000000e+00+0.j 0.00000000e+00+0.j ...
  0.00000000e+00+0.j 0.00000000e+00+0.j 3.70535985e-02+0.j]]"
7.615773105863909,0.5858585858585859,0.5673302585878799,0.5671298733741982,0.4356031325627044,0.1780365892061042,,"[[3.58410842e-02+0.j 0.00000000e+00+0.j 0.00000000e+00+0.j ...
  0.00000000e+00+0.j 0.00000000e+00+0.j 1.87205499e-07+0.j]
 [0.00000000e+00+0.j 1.96058747e-02+0.j 0.00000000e+00+0.j ...
  0.00000000e+00+0.j 0.00000000e+00+0.j 0.00000000e+00+0.j]
 [0.00000000e+00+0.j 0.00000000e+00+0.j 1.96058747e-02+0.j ...
  0.00000000e+00+0.j 0.00000000e+00+0.j 0.00000000e+00+0.j]
 ...
 [0.00000000e+00+0.j 0.00000000e+00+0.j 0.00000000e+00+0.j ...
  1.96058747e-02+0.j 0.00000000e+00+0.j 0.00000000e+00+0.j]
 [0.00000000e+00+0.j 0.00000000e+00+0.j 0.00000000e+00+0.j ...
  0.00000000e+00+0.j 1.96058747e-02+0.j 0.00000000e+00+0.j]
 [1.87205499e-07+0.j 0.00000000e+00+0.j 0.00000000e+00+0.j ...
  0.00000000e+00+0.j 0.00000000e+00+0.j 3.58410842e-02+0.j]]"
7.681145747868608,0.595959595959596,0.564236787872034,0.5640448798281208,0.43194138203452376,0.1728654061653916,,"[[3.46772340e-02+0.j 0.00000000e+00+0.j 0.00000000e+00+0.j ...
  0.00000000e+00+0.j 0.00000000e+00+0.j 1.26106292e-07+0.j]
 [0.00000000e+00+0.j 1.94772958e-02+0.j 0.00000000e+00+0.j ...
  0.00000000e+00+0.j 0.00000000e+00+0.j 0.00000000e+00+0.j]
 [0.00000000e+00+0.j 0.00000000e+00+0.j 1.94772958e-02+0.j ...
  0.00000000e+00+0.j 0.00000000e+00+0.j 0.00000000e+00+0.j]
 ...
 [0.00000000e+00+0.j 0.00000000e+00+0.j 0.00000000e+00+0.j ...
  1.94772958e-02+0.j 0.00000000e+00+0.j 0.00000000e+00+0.j]
 [0.00000000e+00+0.j 0.00000000e+00+0.j 0.00000000e+00+0.j ...
  0.00000000e+00+0.j 1.94772958e-02+0.j 0.00000000e+00+0.j]
 [1.26106292e-07+0.j 0.00000000e+00+0.j 0.00000000e+00+0.j ...
  0.00000000e+00+0.j 0.00000000e+00+0.j 3.46772340e-02+0.j]]"
7.745966692414834,0.6060606060606061,0.5612095181256102,0.5610259895488782,0.42835218823420745,0.16782825259455603,,"[[3.35606250e-02+0.j 0.00000000e+00+0.j 0.00000000e+00+0.j ...
  0.00000000e+00+0.j 0.00000000e+00+0.j 8.41028296e-08+0.j]
 [0.00000000e+00+0.j 1.93457237e-02+0.j 0.00000000e+00+0.j ...
  0.00000000e+00+0.j 0.00000000e+00+0.j 0.00000000e+00+0.j]
 [0.00000000e+00+0.j 0.00000000e+00+0.j 1.93457237e-02+0.j ...
  0.00000000e+00+0.j 0.00000000e+00+0.j 0.00000000e+00+0.j]
 ...
 [0.00000000e+00+0.j 0.00000000e+00+0.j 0.00000000e+00+0.j ...
  1.93457237e-02+0.j 0.00000000e+00+0.j 0.00000000e+00+0.j]
 [0.00000000e+00+0.j 0.00000000e+00+0.j 0.00000000e+00+0.j ...
  0.00000000e+00+0.j 1.93457237e-02+0.j 0.00000000e+00+0.j]
 [8.41028296e-08+0.j 0.00000000e+00+0.j 0.00000000e+00+0.j ...
  0.00000000e+00+0.j 0.00000000e+00+0.j 3.35606250e-02+0.j]]"
7.810249675906654,0.6161616161616162,0.5582484813307359,0.5580732257746275,0.4248353295123152,0.16292121355718506,,"[[3.24898694e-02+0.j 0.00000000e+00+0.j 0.00000000e+00+0.j ...
  0.00000000e+00+0.j 0.00000000e+00+0.j 5.55027422e-08+0.j]
 [0.00000000e+00+0.j 1.92116209e-02+0.j 0.00000000e+00+0.j ...
  0.00000000e+00+0.j 0.00000000e+00+0.j 0.00000000e+00+0.j]
 [0.00000000e+00+0.j 0.00000000e+00+0.j 1.92116209e-02+0.j ...
  0.00000000e+00+0.j 0.00000000e+00+0.j 0.00000000e+00+0.j]
 ...
 [0.00000000e+00+0.j 0.00000000e+00+0.j 0.00000000e+00+0.j ...
  1.92116209e-02+0.j 0.00000000e+00+0.j 0.00000000e+00+0.j]
 [0.00000000e+00+0.j 0.00000000e+00+0.j 0.00000000e+00+0.j ...
  0.00000000e+00+0.j 1.92116209e-02+0.j 0.00000000e+00+0.j]
 [5.55027422e-08+0.j 0.00000000e+00+0.j 0.00000000e+00+0.j ...
  0.00000000e+00+0.j 0.00000000e+00+0.j 3.24898694e-02+0.j]]"
7.874007874011811,0.6262626262626263,0.5553538127883305,0.5551867154857673,0.4213907770745664,0.15814065666229826,,"[[3.14636144e-02+0.j 0.00000000e+00+0.j 0.00000000e+00+0.j ...
  0.00000000e+00+0.j 0.00000000e+00+0.j 3.62246735e-08+0.j]
 [0.00000000e+00+0.j 1.90754384e-02+0.j 0.00000000e+00+0.j ...
  0.00000000e+00+0.j 0.00000000e+00+0.j 0.00000000e+00+0.j]
 [0.00000000e+00+0.j 0.00000000e+00+0.j 1.90754384e-02+0.j ...
  0.00000000e+00+0.j 0.00000000e+00+0.j 0.00000000e+00+0.j]
 ...
 [0.00000000e+00+0.j 0.00000000e+00+0.j 0.00000000e+00+0.j ...
  1.90754384e-02+0.j 0.00000000e+00+0.j 0.00000000e+00+0.j]
 [0.00000000e+00+0.j 0.00000000e+00+0.j 0.00000000e+00+0.j ...
  0.00000000e+00+0.j 1.90754384e-02+0.j 0.00000000e+00+0.j]
 [3.62246735e-08+0.j 0.00000000e+00+0.j 0.00000000e+00+0.j ...
  0.00000000e+00+0.j 0.00000000e+00+0.j 3.14636144e-02+0.j]]"
7.937253933193772,0.6363636363636365,0.5525257412011535,0.5523666794494025,0.4180187132375872,0.1534832167463772,,"[[3.04805427e-02+0.j 0.00000000e+00+0.j 0.00000000e+00+0.j ...
  0.00000000e+00+0.j 0.00000000e+00+0.j 2.33677505e-08+0.j]
 [0.00000000e+00+0.j 1.89376153e-02+0.j 0.00000000e+00+0.j ...
  0.00000000e+00+0.j 0.00000000e+00+0.j 0.00000000e+00+0.j]
 [0.00000000e+00+0.j 0.00000000e+00+0.j 1.89376153e-02+0.j ...
  0.00000000e+00+0.j 0.00000000e+00+0.j 0.00000000e+00+0.j]
 ...
 [0.00000000e+00+0.j 0.00000000e+00+0.j 0.00000000e+00+0.j ...
  1.89376153e-02+0.j 0.00000000e+00+0.j 0.00000000e+00+0.j]
 [0.00000000e+00+0.j 0.00000000e+00+0.j 0.00000000e+00+0.j ...
  0.00000000e+00+0.j 1.89376153e-02+0.j 0.00000000e+00+0.j]
 [2.33677505e-08+0.j 0.00000000e+00+0.j 0.00000000e+00+0.j ...
  0.00000000e+00+0.j 0.00000000e+00+0.j 3.04805427e-02+0.j]]"
8.0,0.6464646464646465,0.5497645792267496,0.5496134227346443,0.4147194688284519,0.1489457976726853,,"[[2.95393716e-02+0.j 0.00000000e+00+0.j 0.00000000e+00+0.j ...
  0.00000000e+00+0.j 0.00000000e+00+0.j 1.48890026e-08+0.j]
 [0.00000000e+00+0.j 1.87985790e-02+0.j 0.00000000e+00+0.j ...
  0.00000000e+00+0.j 0.00000000e+00+0.j 0.00000000e+00+0.j]
 [0.00000000e+00+0.j 0.00000000e+00+0.j 1.87985790e-02+0.j ...
  0.00000000e+00+0.j 0.00000000e+00+0.j 0.00000000e+00+0.j]
 ...
 [0.00000000e+00+0.j 0.00000000e+00+0.j 0.00000000e+00+0.j ...
  1.87985790e-02+0.j 0.00000000e+00+0.j 0.00000000e+00+0.j]
 [0.00000000e+00+0.j 0.00000000e+00+0.j 0.00000000e+00+0.j ...
  0.00000000e+00+0.j 1.87985790e-02+0.j 0.00000000e+00+0.j]
 [1.48890026e-08+0.j 0.00000000e+00+0.j 0.00000000e+00+0.j ...
  0.00000000e+00+0.j 0.00000000e+00+0.j 2.95393716e-02+0.j]]"
8.06225774829855,0.6565656565656566,0.5470707144866473,0.5469273256902938,0.4114935551430078,0.1445255681086852,,"[[2.86388540e-02+0.j 0.00000000e+00+0.j 0.00000000e+00+0.j ...
  0.00000000e+00+0.j 0.00000000e+00+0.j 9.36352917e-09+0.j]
 [0.00000000e+00+0.j 1.86587454e-02+0.j 0.00000000e+00+0.j ...
  0.00000000e+00+0.j 0.00000000e+00+0.j 0.00000000e+00+0.j]
 [0.00000000e+00+0.j 0.00000000e+00+0.j 1.86587454e-02+0.j ...
  0.00000000e+00+0.j 0.00000000e+00+0.j 0.00000000e+00+0.j]
 ...
 [0.00000000e+00+0.j 0.00000000e+00+0.j 0.00000000e+00+0.j ...
  1.86587454e-02+0.j 0.00000000e+00+0.j 0.00000000e+00+0.j]
 [0.00000000e+00+0.j 0.00000000e+00+0.j 0.00000000e+00+0.j ...
  0.00000000e+00+0.j 1.86587454e-02+0.j 0.00000000e+00+0.j]
 [9.36352917e-09+0.j 0.00000000e+00+0.j 0.00000000e+00+0.j ...
  0.00000000e+00+0.j 0.00000000e+00+0.j 2.86388540e-02+0.j]]"
8.12403840463596,0.6666666666666667,0.5444446010254578,0.5443088353737474,0.4083416150257092,0.1402199591555621,,"[[2.77777778e-02+0.j 0.00000000e+00+0.j 0.00000000e+00+0.j ...
  0.00000000e+00+0.j 0.00000000e+00+0.j 5.80764328e-09+0.j]
 [0.00000000e+00+0.j 1.85185185e-02+0.j 0.00000000e+00+0.j ...
  0.00000000e+00+0.j 0.00000000e+00+0.j 0.00000000e+00+0.j]
 [0.00000000e+00+0.j 0.00000000e+00+0.j 1.85185185e-02+0.j ...
  0.00000000e+00+0.j 0.00000000e+00+0.j 0.00000000e+00+0.j]
 ...
 [0.00000000e+00+0.j 0.00000000e+00+0.j 0.00000000e+00+0.j ...
  1.85185185e-02+0.j 0.00000000e+00+0.j 0.00000000e+00+0.j]
 [0.00000000e+00+0.j 0.00000000e+00+0.j 0.00000000e+00+0.j ...
  0.00000000e+00+0.j 1.85185185e-02+0.j 0.00000000e+00+0.j]
 [5.80764328e-09+0.j 0.00000000e+00+0.j 0.00000000e+00+0.j ...
  0.00000000e+00+0.j 0.00000000e+00+0.j 2.77777778e-02+0.j]]"
8.18535277187245,0.6767676767676768,0.5418867512054073,0.5417584574195236,0.40526442462452145,0.1360266628446563,,"[[2.69549659e-02+0.j 0.00000000e+00+0.j 0.00000000e+00+0.j ...
  0.00000000e+00+0.j 0.00000000e+00+0.j 3.54957656e-09+0.j]
 [0.00000000e+00+0.j 1.83782906e-02+0.j 0.00000000e+00+0.j ...
  0.00000000e+00+0.j 0.00000000e+00+0.j 0.00000000e+00+0.j]
 [0.00000000e+00+0.j 0.00000000e+00+0.j 1.83782906e-02+0.j ...
  0.00000000e+00+0.j 0.00000000e+00+0.j 0.00000000e+00+0.j]
 ...
 [0.00000000e+00+0.j 0.00000000e+00+0.j 0.00000000e+00+0.j ...
  1.83782906e-02+0.j 0.00000000e+00+0.j 0.00000000e+00+0.j]
 [0.00000000e+00+0.j 0.00000000e+00+0.j 0.00000000e+00+0.j ...
  0.00000000e+00+0.j 1.83782906e-02+0.j 0.00000000e+00+0.j]
 [3.54957656e-09+0.j 0.00000000e+00+0.j 0.00000000e+00+0.j ...
  0.00000000e+00+0.j 0.00000000e+00+0.j 2.69549659e-02+0.j]]"
8.246211251235321,0.686868686868687,0.5393977280276029,0.5392767483363647,0.402262876887349,0.13194363162261602,,"[[2.61692764e-02+0.j 0.00000000e+00+0.j 0.00000000e+00+0.j ...
  0.00000000e+00+0.j 0.00000000e+00+0.j 2.13581679e-09+0.j]
 [0.00000000e+00+0.j 1.82384424e-02+0.j 0.00000000e+00+0.j ...
  0.00000000e+00+0.j 0.00000000e+00+0.j 0.00000000e+00+0.j]
 [0.00000000e+00+0.j 0.00000000e+00+0.j 1.82384424e-02+0.j ...
  0.00000000e+00+0.j 0.00000000e+00+0.j 0.00000000e+00+0.j]
 ...
 [0.00000000e+00+0.j 0.00000000e+00+0.j 0.00000000e+00+0.j ...
  1.82384424e-02+0.j 0.00000000e+00+0.j 0.00000000e+00+0.j]
 [0.00000000e+00+0.j 0.00000000e+00+0.j 0.00000000e+00+0.j ...
  0.00000000e+00+0.j 1.82384424e-02+0.j 0.00000000e+00+0.j]
 [2.13581679e-09+0.j 0.00000000e+00+0.j 0.00000000e+00+0.j ...
  0.00000000e+00+0.j 0.00000000e+00+0.j 2.61692764e-02+0.j]]"
8.306623862918075,0.696969696969697,0.5369781378649587,0.5368643082200296,0.3993379687100901,0.12796907894433562,,"[[2.54196027e-02+0.j 0.00000000e+00+0.j 0.00000000e+00+0.j ...
  0.00000000e+00+0.j 0.00000000e+00+0.j 1.26391239e-09+0.j]
 [0.00000000e+00+0.j 1.80993427e-02+0.j 0.00000000e+00+0.j ...
  0.00000000e+00+0.j 0.00000000e+00+0.j 0.00000000e+00+0.j]
 [0.00000000e+00+0.j 0.00000000e+00+0.j 1.80993427e-02+0.j ...
  0.00000000e+00+0.j 0.00000000e+00+0.j 0.00000000e+00+0.j]
 ...
 [0.00000000e+00+0.j 0.00000000e+00+0.j 0.00000000e+00+0.j ...
  1.80993427e-02+0.j 0.00000000e+00+0.j 0.00000000e+00+0.j]
 [0.00000000e+00+0.j 0.00000000e+00+0.j 0.00000000e+00+0.j ...
  0.00000000e+00+0.j 1.80993427e-02+0.j 0.00000000e+00+0.j]
 [1.26391239e-09+0.j 0.00000000e+00+0.j 0.00000000e+00+0.j ...
  0.00000000e+00+0.j 0.00000000e+00+0.j 2.54196027e-02+0.j]]"
8.366600265340756,0.7070707070707072,0.5346286235967206,0.5345217738699951,0.39649079171753737,0.12410148187014569,,"[[2.47048731e-02+0.j 0.00000000e+00+0.j 0.00000000e+00+0.j ...
  0.00000000e+00+0.j 0.00000000e+00+0.j 7.34758910e-10+0.j]
 [0.00000000e+00+0.j 1.79613488e-02+0.j 0.00000000e+00+0.j ...
  0.00000000e+00+0.j 0.00000000e+00+0.j 0.00000000e+00+0.j]
 [0.00000000e+00+0.j 0.00000000e+00+0.j 1.79613488e-02+0.j ...
  0.00000000e+00+0.j 0.00000000e+00+0.j 0.00000000e+00+0.j]
 ...
 [0.00000000e+00+0.j 0.00000000e+00+0.j 0.00000000e+00+0.j ...
  1.79613488e-02+0.j 0.00000000e+00+0.j 0.00000000e+00+0.j]
 [0.00000000e+00+0.j 0.00000000e+00+0.j 0.00000000e+00+0.j ...
  0.00000000e+00+0.j 1.79613488e-02+0.j 0.00000000e+00+0.j]
 [7.34758910e-10+0.j 0.00000000e+00+0.j 0.00000000e+00+0.j ...
  0.00000000e+00+0.j 0.00000000e+00+0.j 2.47048731e-02+0.j]]"
8.426149773176359,0.7171717171717172,0.5323498581300952,0.5322498122954352,0.39372250472991294,0.12033958028867933,,"[[2.40240511e-02+0.j 0.00000000e+00+0.j 0.00000000e+00+0.j ...
  0.00000000e+00+0.j 0.00000000e+00+0.j 4.19088165e-10+0.j]
 [0.00000000e+00+0.j 1.78248061e-02+0.j 0.00000000e+00+0.j ...
  0.00000000e+00+0.j 0.00000000e+00+0.j 0.00000000e+00+0.j]
 [0.00000000e+00+0.j 0.00000000e+00+0.j 1.78248061e-02+0.j ...
  0.00000000e+00+0.j 0.00000000e+00+0.j 0.00000000e+00+0.j]
 ...
 [0.00000000e+00+0.j 0.00000000e+00+0.j 0.00000000e+00+0.j ...
  1.78248061e-02+0.j 0.00000000e+00+0.j 0.00000000e+00+0.j]
 [0.00000000e+00+0.j 0.00000000e+00+0.j 0.00000000e+00+0.j ...
  0.00000000e+00+0.j 1.78248061e-02+0.j 0.00000000e+00+0.j]
 [4.19088165e-10+0.j 0.00000000e+00+0.j 0.00000000e+00+0.j ...
  0.00000000e+00+0.j 0.00000000e+00+0.j 2.40240511e-02+0.j]]"
8.48528137423857,0.7272727272727273,0.530142538297108,0.5300491145999109,0.3910343568127665,0.11668239008271857,,"[[2.33761355e-02+0.j 0.00000000e+00+0.j 0.00000000e+00+0.j ...
  0.00000000e+00+0.j 0.00000000e+00+0.j 2.34205517e-10+0.j]
 [0.00000000e+00+0.j 1.76900485e-02+0.j 0.00000000e+00+0.j ...
  0.00000000e+00+0.j 0.00000000e+00+0.j 0.00000000e+00+0.j]
 [0.00000000e+00+0.j 0.00000000e+00+0.j 1.76900485e-02+0.j ...
  0.00000000e+00+0.j 0.00000000e+00+0.j 0.00000000e+00+0.j]
 ...
 [0.00000000e+00+0.j 0.00000000e+00+0.j 0.00000000e+00+0.j ...
  1.76900485e-02+0.j 0.00000000e+00+0.j 0.00000000e+00+0.j]
 [0.00000000e+00+0.j 0.00000000e+00+0.j 0.00000000e+00+0.j ...
  0.00000000e+00+0.j 1.76900485e-02+0.j 0.00000000e+00+0.j]
 [2.34205517e-10+0.j 0.00000000e+00+0.j 0.00000000e+00+0.j ...
  0.00000000e+00+0.j 0.00000000e+00+0.j 2.33761355e-02+0.j]]"
8.54400374531753,0.7373737373737375,0.5280073791124005,0.5279203902293608,0.3884276293230341,0.11312919819448956,,"[[2.27601600e-02+0.j 0.00000000e+00+0.j 0.00000000e+00+0.j ...
  0.00000000e+00+0.j 0.00000000e+00+0.j 1.28041414e-10+0.j]
 [0.00000000e+00+0.j 1.75573979e-02+0.j 0.00000000e+00+0.j ...
  0.00000000e+00+0.j 0.00000000e+00+0.j 0.00000000e+00+0.j]
 [0.00000000e+00+0.j 0.00000000e+00+0.j 1.75573979e-02+0.j ...
  0.00000000e+00+0.j 0.00000000e+00+0.j 0.00000000e+00+0.j]
 ...
 [0.00000000e+00+0.j 0.00000000e+00+0.j 0.00000000e+00+0.j ...
  1.75573979e-02+0.j 0.00000000e+00+0.j 0.00000000e+00+0.j]
 [0.00000000e+00+0.j 0.00000000e+00+0.j 0.00000000e+00+0.j ...
  0.00000000e+00+0.j 1.75573979e-02+0.j 0.00000000e+00+0.j]
 [1.28041414e-10+0.j 0.00000000e+00+0.j 0.00000000e+00+0.j ...
  0.00000000e+00+0.j 0.00000000e+00+0.j 2.27601600e-02+0.j]]"
8.602325267042627,0.7474747474747475,0.5259451083817002,0.5258643615718388,0.38590367235793377,0.10967957799784334,,"[[2.21751936e-02+0.j 0.00000000e+00+0.j 0.00000000e+00+0.j ...
  0.00000000e+00+0.j 0.00000000e+00+0.j 6.83623579e-11+0.j]
 [0.00000000e+00+0.j 1.74271648e-02+0.j 0.00000000e+00+0.j ...
  0.00000000e+00+0.j 0.00000000e+00+0.j 0.00000000e+00+0.j]
 [0.00000000e+00+0.j 0.00000000e+00+0.j 1.74271648e-02+0.j ...
  0.00000000e+00+0.j 0.00000000e+00+0.j 0.00000000e+00+0.j]
 ...
 [0.00000000e+00+0.j 0.00000000e+00+0.j 0.00000000e+00+0.j ...
  1.74271648e-02+0.j 0.00000000e+00+0.j 0.00000000e+00+0.j]
 [0.00000000e+00+0.j 0.00000000e+00+0.j 0.00000000e+00+0.j ...
  0.00000000e+00+0.j 1.74271648e-02+0.j 0.00000000e+00+0.j]
 [6.83623579e-11+0.j 0.00000000e+00+0.j 0.00000000e+00+0.j ...
  0.00000000e+00+0.j 0.00000000e+00+0.j 2.21751936e-02+0.j]]"
8.660254037844387,0.7575757575757577,0.5239564616431327,0.5238817588951435,0.3834638601650681,0.10633339755612674,,"[[2.16203403e-02+0.j 0.00000000e+00+0.j 0.00000000e+00+0.j ...
  0.00000000e+00+0.j 0.00000000e+00+0.j 3.55759710e-11+0.j]
 [0.00000000e+00+0.j 1.72996478e-02+0.j 0.00000000e+00+0.j ...
  0.00000000e+00+0.j 0.00000000e+00+0.j 0.00000000e+00+0.j]
 [0.00000000e+00+0.j 0.00000000e+00+0.j 1.72996478e-02+0.j ...
  0.00000000e+00+0.j 0.00000000e+00+0.j 0.00000000e+00+0.j]
 ...
 [0.00000000e+00+0.j 0.00000000e+00+0.j 0.00000000e+00+0.j ...
  1.72996478e-02+0.j 0.00000000e+00+0.j 0.00000000e+00+0.j]
 [0.00000000e+00+0.j 0.00000000e+00+0.j 0.00000000e+00+0.j ...
  0.00000000e+00+0.j 1.72996478e-02+0.j 0.00000000e+00+0.j]
 [3.55759710e-11+0.j 0.00000000e+00+0.j 0.00000000e+00+0.j ...
  0.00000000e+00+0.j 0.00000000e+00+0.j 2.16203403e-02+0.j]]"
8.717797887081348,0.7676767676767677,0.5220421774336128,0.5219733156069924,0.3811095970665192,0.103090826176769,,"[[2.10947394e-02+0.j 0.00000000e+00+0.j 0.00000000e+00+0.j ...
  0.00000000e+00+0.j 0.00000000e+00+0.j 1.80062084e-11+0.j]
 [0.00000000e+00+0.j 1.71751338e-02+0.j 0.00000000e+00+0.j ...
  0.00000000e+00+0.j 0.00000000e+00+0.j 0.00000000e+00+0.j]
 [0.00000000e+00+0.j 0.00000000e+00+0.j 1.71751338e-02+0.j ...
  0.00000000e+00+0.j 0.00000000e+00+0.j 0.00000000e+00+0.j]
 ...
 [0.00000000e+00+0.j 0.00000000e+00+0.j 0.00000000e+00+0.j ...
  1.71751338e-02+0.j 0.00000000e+00+0.j 0.00000000e+00+0.j]
 [0.00000000e+00+0.j 0.00000000e+00+0.j 0.00000000e+00+0.j ...
  0.00000000e+00+0.j 1.71751338e-02+0.j 0.00000000e+00+0.j]
 [1.80062084e-11+0.j 0.00000000e+00+0.j 0.00000000e+00+0.j ...
  0.00000000e+00+0.j 0.00000000e+00+0.j 2.10947394e-02+0.j]]"
8.774964387392123,0.7777777777777778,0.5202029928633508,0.5201397638305708,0.3788423049659033,0.09995234929331777,,"[[2.05975652e-02+0.j 0.00000000e+00+0.j 0.00000000e+00+0.j ...
  0.00000000e+00+0.j 0.00000000e+00+0.j 8.84178170e-12+0.j]
 [0.00000000e+00+0.j 1.70538980e-02+0.j 0.00000000e+00+0.j ...
  0.00000000e+00+0.j 0.00000000e+00+0.j 0.00000000e+00+0.j]
 [0.00000000e+00+0.j 0.00000000e+00+0.j 1.70538980e-02+0.j ...
  0.00000000e+00+0.j 0.00000000e+00+0.j 0.00000000e+00+0.j]
 ...
 [0.00000000e+00+0.j 0.00000000e+00+0.j 0.00000000e+00+0.j ...
  1.70538980e-02+0.j 0.00000000e+00+0.j 0.00000000e+00+0.j]
 [0.00000000e+00+0.j 0.00000000e+00+0.j 0.00000000e+00+0.j ...
  0.00000000e+00+0.j 1.70538980e-02+0.j 0.00000000e+00+0.j]
 [8.84178170e-12+0.j 0.00000000e+00+0.j 0.00000000e+00+0.j ...
  0.00000000e+00+0.j 0.00000000e+00+0.j 2.05975652e-02+0.j]]"
8.831760866327848,0.787878787878788,0.5184396394878754,0.5183818302750043,0.3766634143539367,0.09691878045807427,,"[[2.01280271e-02+0.j 0.00000000e+00+0.j 0.00000000e+00+0.j ...
  0.00000000e+00+0.j 0.00000000e+00+0.j 4.20035126e-12+0.j]
 [0.00000000e+00+0.j 1.69362040e-02+0.j 0.00000000e+00+0.j ...
  0.00000000e+00+0.j 0.00000000e+00+0.j 0.00000000e+00+0.j]
 [0.00000000e+00+0.j 0.00000000e+00+0.j 1.69362040e-02+0.j ...
  0.00000000e+00+0.j 0.00000000e+00+0.j 0.00000000e+00+0.j]
 ...
 [0.00000000e+00+0.j 0.00000000e+00+0.j 0.00000000e+00+0.j ...
  1.69362040e-02+0.j 0.00000000e+00+0.j 0.00000000e+00+0.j]
 [0.00000000e+00+0.j 0.00000000e+00+0.j 0.00000000e+00+0.j ...
  0.00000000e+00+0.j 1.69362040e-02+0.j 0.00000000e+00+0.j]
 [4.20035126e-12+0.j 0.00000000e+00+0.j 0.00000000e+00+0.j ...
  0.00000000e+00+0.j 0.00000000e+00+0.j 2.01280271e-02+0.j]]"
8.888194417315589,0.797979797979798,0.5167528394637521,0.5167002323934922,0.37457435566924974,0.0939912747609016,,"[[1.96853698e-02+0.j 0.00000000e+00+0.j 0.00000000e+00+0.j ...
  0.00000000e+00+0.j 0.00000000e+00+0.j 1.92422931e-12+0.j]
 [0.00000000e+00+0.j 1.68223035e-02+0.j 0.00000000e+00+0.j ...
  0.00000000e+00+0.j 0.00000000e+00+0.j 0.00000000e+00+0.j]
 [0.00000000e+00+0.j 0.00000000e+00+0.j 1.68223035e-02+0.j ...
  0.00000000e+00+0.j 0.00000000e+00+0.j 0.00000000e+00+0.j]
 ...
 [0.00000000e+00+0.j 0.00000000e+00+0.j 0.00000000e+00+0.j ...
  1.68223035e-02+0.j 0.00000000e+00+0.j 0.00000000e+00+0.j]
 [0.00000000e+00+0.j 0.00000000e+00+0.j 0.00000000e+00+0.j ...
  0.00000000e+00+0.j 1.68223035e-02+0.j 0.00000000e+00+0.j]
 [1.92422931e-12+0.j 0.00000000e+00+0.j 0.00000000e+00+0.j ...
  0.00000000e+00+0.j 0.00000000e+00+0.j 1.96853698e-02+0.j]]"
8.94427190999916,0.8080808080808082,0.5151433019762399,0.5150956748139282,0.3725765510057113,0.09117134234528523,,"[[1.92688730e-02+0.j 0.00000000e+00+0.j 0.00000000e+00+0.j ...
  0.00000000e+00+0.j 0.00000000e+00+0.j 8.46904636e-13+0.j]
 [0.00000000e+00+0.j 1.67124367e-02+0.j 0.00000000e+00+0.j ...
  0.00000000e+00+0.j 0.00000000e+00+0.j 0.00000000e+00+0.j]
 [0.00000000e+00+0.j 0.00000000e+00+0.j 1.67124367e-02+0.j ...
  0.00000000e+00+0.j 0.00000000e+00+0.j 0.00000000e+00+0.j]
 ...
 [0.00000000e+00+0.j 0.00000000e+00+0.j 0.00000000e+00+0.j ...
  1.67124367e-02+0.j 0.00000000e+00+0.j 0.00000000e+00+0.j]
 [0.00000000e+00+0.j 0.00000000e+00+0.j 0.00000000e+00+0.j ...
  0.00000000e+00+0.j 1.67124367e-02+0.j 0.00000000e+00+0.j]
 [8.46904636e-13+0.j 0.00000000e+00+0.j 0.00000000e+00+0.j ...
  0.00000000e+00+0.j 0.00000000e+00+0.j 1.92688730e-02+0.j]]"
9.0,0.8181818181818182,0.5136117199268043,0.5135688460307395,0.37067140615958305,0.08846086127826192,,"[[1.88778516e-02+0.j 0.00000000e+00+0.j 0.00000000e+00+0.j ...
  0.00000000e+00+0.j 0.00000000e+00+0.j 3.56563576e-13+0.j]
 [0.00000000e+00+0.j 1.66068318e-02+0.j 0.00000000e+00+0.j ...
  0.00000000e+00+0.j 0.00000000e+00+0.j 0.00000000e+00+0.j]
 [0.00000000e+00+0.j 0.00000000e+00+0.j 1.66068318e-02+0.j ...
  0.00000000e+00+0.j 0.00000000e+00+0.j 0.00000000e+00+0.j]
 ...
 [0.00000000e+00+0.j 0.00000000e+00+0.j 0.00000000e+00+0.j ...
  1.66068318e-02+0.j 0.00000000e+00+0.j 0.00000000e+00+0.j]
 [0.00000000e+00+0.j 0.00000000e+00+0.j 0.00000000e+00+0.j ...
  0.00000000e+00+0.j 1.66068318e-02+0.j 0.00000000e+00+0.j]
 [3.56563576e-13+0.j 0.00000000e+00+0.j 0.00000000e+00+0.j ...
  0.00000000e+00+0.j 0.00000000e+00+0.j 1.88778516e-02+0.j]]"
9.055385138137417,0.8282828282828284,0.5121587668670913,0.512120415344826,0.3688603030118934,0.08586208879704418,,"[[1.85116556e-02+0.j 0.00000000e+00+0.j 0.00000000e+00+0.j ...
  0.00000000e+00+0.j 0.00000000e+00+0.j 1.42876116e-13+0.j]
 [0.00000000e+00+0.j 1.65057057e-02+0.j 0.00000000e+00+0.j ...
  0.00000000e+00+0.j 0.00000000e+00+0.j 0.00000000e+00+0.j]
 [0.00000000e+00+0.j 0.00000000e+00+0.j 1.65057057e-02+0.j ...
  0.00000000e+00+0.j 0.00000000e+00+0.j 0.00000000e+00+0.j]
 ...
 [0.00000000e+00+0.j 0.00000000e+00+0.j 0.00000000e+00+0.j ...
  1.65057057e-02+0.j 0.00000000e+00+0.j 0.00000000e+00+0.j]
 [0.00000000e+00+0.j 0.00000000e+00+0.j 0.00000000e+00+0.j ...
  0.00000000e+00+0.j 1.65057057e-02+0.j 0.00000000e+00+0.j]
 [1.42876116e-13+0.j 0.00000000e+00+0.j 0.00000000e+00+0.j ...
  0.00000000e+00+0.j 0.00000000e+00+0.j 1.85116556e-02+0.j]]"
9.1104335791443,0.8383838383838385,0.5107850941702523,0.5107510300409996,0.3671445953760913,0.08337766968778332,,"[[1.81696702e-02+0.j 0.00000000e+00+0.j 0.00000000e+00+0.j ...
  0.00000000e+00+0.j 0.00000000e+00+0.j 5.41622400e-14+0.j]
 [0.00000000e+00+0.j 1.64092631e-02+0.j 0.00000000e+00+0.j ...
  0.00000000e+00+0.j 0.00000000e+00+0.j 0.00000000e+00+0.j]
 [0.00000000e+00+0.j 0.00000000e+00+0.j 1.64092631e-02+0.j ...
  0.00000000e+00+0.j 0.00000000e+00+0.j 0.00000000e+00+0.j]
 ...
 [0.00000000e+00+0.j 0.00000000e+00+0.j 0.00000000e+00+0.j ...
  1.64092631e-02+0.j 0.00000000e+00+0.j 0.00000000e+00+0.j]
 [0.00000000e+00+0.j 0.00000000e+00+0.j 0.00000000e+00+0.j ...
  0.00000000e+00+0.j 1.64092631e-02+0.j 0.00000000e+00+0.j]
 [5.41622400e-14+0.j 0.00000000e+00+0.j 0.00000000e+00+0.j ...
  0.00000000e+00+0.j 0.00000000e+00+0.j 1.81696702e-02+0.j]]"
9.16515138991168,0.8484848484848485,0.5094913284250804,0.50946131278954,0.36552558951501674,0.08101064025933692,,"[[1.78513156e-02+0.j 0.00000000e+00+0.j 0.00000000e+00+0.j ...
  0.00000000e+00+0.j 0.00000000e+00+0.j 1.92857725e-14+0.j]
 [0.00000000e+00+0.j 1.63176974e-02+0.j 0.00000000e+00+0.j ...
  0.00000000e+00+0.j 0.00000000e+00+0.j 0.00000000e+00+0.j]
 [0.00000000e+00+0.j 0.00000000e+00+0.j 1.63176974e-02+0.j ...
  0.00000000e+00+0.j 0.00000000e+00+0.j 0.00000000e+00+0.j]
 ...
 [0.00000000e+00+0.j 0.00000000e+00+0.j 0.00000000e+00+0.j ...
  1.63176974e-02+0.j 0.00000000e+00+0.j 0.00000000e+00+0.j]
 [0.00000000e+00+0.j 0.00000000e+00+0.j 0.00000000e+00+0.j ...
  0.00000000e+00+0.j 1.63176974e-02+0.j 0.00000000e+00+0.j]
 [1.92857725e-14+0.j 0.00000000e+00+0.j 0.00000000e+00+0.j ...
  0.00000000e+00+0.j 0.00000000e+00+0.j 1.78513156e-02+0.j]]"
9.219544457292887,0.8585858585858587,0.5082780690444585,0.5082518592632334,0.36400455318487046,0.07876442607404754,,"[[1.75560472e-02+0.j 0.00000000e+00+0.j 0.00000000e+00+0.j ...
  0.00000000e+00+0.j 0.00000000e+00+0.j 6.39477791e-15+0.j]
 [0.00000000e+00+0.j 1.62311901e-02+0.j 0.00000000e+00+0.j ...
  0.00000000e+00+0.j 0.00000000e+00+0.j 0.00000000e+00+0.j]
 [0.00000000e+00+0.j 0.00000000e+00+0.j 1.62311901e-02+0.j ...
  0.00000000e+00+0.j 0.00000000e+00+0.j 0.00000000e+00+0.j]
 ...
 [0.00000000e+00+0.j 0.00000000e+00+0.j 0.00000000e+00+0.j ...
  1.62311901e-02+0.j 0.00000000e+00+0.j 0.00000000e+00+0.j]
 [0.00000000e+00+0.j 0.00000000e+00+0.j 0.00000000e+00+0.j ...
  0.00000000e+00+0.j 1.62311901e-02+0.j 0.00000000e+00+0.j]
 [6.39477791e-15+0.j 0.00000000e+00+0.j 0.00000000e+00+0.j ...
  0.00000000e+00+0.j 0.00000000e+00+0.j 1.75560472e-02+0.j]]"
9.273618495495704,0.8686868686868687,0.5071458860778744,0.5071232359569633,0.36258270935339015,0.07664283187020884,,"[[1.72833557e-02+0.j 0.00000000e+00+0.j 0.00000000e+00+0.j ...
  0.00000000e+00+0.j 0.00000000e+00+0.j 1.95375693e-15+0.j]
 [0.00000000e+00+0.j 1.61499109e-02+0.j 0.00000000e+00+0.j ...
  0.00000000e+00+0.j 0.00000000e+00+0.j 0.00000000e+00+0.j]
 [0.00000000e+00+0.j 0.00000000e+00+0.j 1.61499109e-02+0.j ...
  0.00000000e+00+0.j 0.00000000e+00+0.j 0.00000000e+00+0.j]
 ...
 [0.00000000e+00+0.j 0.00000000e+00+0.j 0.00000000e+00+0.j ...
  1.61499109e-02+0.j 0.00000000e+00+0.j 0.00000000e+00+0.j]
 [0.00000000e+00+0.j 0.00000000e+00+0.j 0.00000000e+00+0.j ...
  0.00000000e+00+0.j 1.61499109e-02+0.j 0.00000000e+00+0.j]
 [1.95375693e-15+0.j 0.00000000e+00+0.j 0.00000000e+00+0.j ...
  0.00000000e+00+0.j 0.00000000e+00+0.j 1.72833557e-02+0.j]]"
9.327379053088816,0.8787878787878789,0.5060953182140313,0.5060759782004505,0.36126121459733135,0.07465001746168919,,"[[1.70327666e-02+0.j 0.00000000e+00+0.j 0.00000000e+00+0.j ...
  0.00000000e+00+0.j 0.00000000e+00+0.j 5.42846237e-16+0.j]
 [0.00000000e+00+0.j 1.60740181e-02+0.j 0.00000000e+00+0.j ...
  0.00000000e+00+0.j 0.00000000e+00+0.j 0.00000000e+00+0.j]
 [0.00000000e+00+0.j 0.00000000e+00+0.j 1.60740181e-02+0.j ...
  0.00000000e+00+0.j 0.00000000e+00+0.j 0.00000000e+00+0.j]
 ...
 [0.00000000e+00+0.j 0.00000000e+00+0.j 0.00000000e+00+0.j ...
  1.60740181e-02+0.j 0.00000000e+00+0.j 0.00000000e+00+0.j]
 [0.00000000e+00+0.j 0.00000000e+00+0.j 0.00000000e+00+0.j ...
  0.00000000e+00+0.j 1.60740181e-02+0.j 0.00000000e+00+0.j]
 [5.42846237e-16+0.j 0.00000000e+00+0.j 0.00000000e+00+0.j ...
  0.00000000e+00+0.j 0.00000000e+00+0.j 1.70327666e-02+0.j]]"
9.38083151964686,0.888888888888889,0.5051268709691202,0.5051105883542917,0.36004116604204606,0.07279046880614659,,"[[1.68038409e-02+0.j 0.00000000e+00+0.j 0.00000000e+00+0.j ...
  0.00000000e+00+0.j 0.00000000e+00+0.j 1.34914882e-16+0.j]
 [0.00000000e+00+0.j 1.60036580e-02+0.j 0.00000000e+00+0.j ...
  0.00000000e+00+0.j 0.00000000e+00+0.j 0.00000000e+00+0.j]
 [0.00000000e+00+0.j 0.00000000e+00+0.j 1.60036580e-02+0.j ...
  0.00000000e+00+0.j 0.00000000e+00+0.j 0.00000000e+00+0.j]
 ...
 [0.00000000e+00+0.j 0.00000000e+00+0.j 0.00000000e+00+0.j ...
  1.60036580e-02+0.j 0.00000000e+00+0.j 0.00000000e+00+0.j]
 [0.00000000e+00+0.j 0.00000000e+00+0.j 0.00000000e+00+0.j ...
  0.00000000e+00+0.j 1.60036580e-02+0.j 0.00000000e+00+0.j]
 [1.34914882e-16+0.j 0.00000000e+00+0.j 0.00000000e+00+0.j ...
  0.00000000e+00+0.j 0.00000000e+00+0.j 1.68038409e-02+0.j]]"
9.433981132056603,0.8989898989898991,0.5042410150469873,0.5042275341797315,0.3589235961275177,0.07106894251433041,,"[[1.65961744e-02+0.j 0.00000000e+00+0.j 0.00000000e+00+0.j ...
  0.00000000e+00+0.j 0.00000000e+00+0.j 2.93614092e-17+0.j]
 [0.00000000e+00+0.j 1.59389652e-02+0.j 0.00000000e+00+0.j ...
  0.00000000e+00+0.j 0.00000000e+00+0.j 0.00000000e+00+0.j]
 [0.00000000e+00+0.j 0.00000000e+00+0.j 1.59389652e-02+0.j ...
  0.00000000e+00+0.j 0.00000000e+00+0.j 0.00000000e+00+0.j]
 ...
 [0.00000000e+00+0.j 0.00000000e+00+0.j 0.00000000e+00+0.j ...
  1.59389652e-02+0.j 0.00000000e+00+0.j 0.00000000e+00+0.j]
 [0.00000000e+00+0.j 0.00000000e+00+0.j 0.00000000e+00+0.j ...
  0.00000000e+00+0.j 1.59389652e-02+0.j 0.00000000e+00+0.j]
 [2.93614092e-17+0.j 0.00000000e+00+0.j 0.00000000e+00+0.j ...
  0.00000000e+00+0.j 0.00000000e+00+0.j 1.65961744e-02+0.j]]"
9.486832980505138,0.9090909090909092,0.5034381848655374,0.5034272473732042,0.3579094520772758,0.06949040120117814,,"[[1.64093983e-02+0.j 0.00000000e+00+0.j 0.00000000e+00+0.j ...
  0.00000000e+00+0.j 0.00000000e+00+0.j 5.44072839e-18+0.j]
 [0.00000000e+00+0.j 1.58800628e-02+0.j 0.00000000e+00+0.j ...
  0.00000000e+00+0.j 0.00000000e+00+0.j 0.00000000e+00+0.j]
 [0.00000000e+00+0.j 0.00000000e+00+0.j 1.58800628e-02+0.j ...
  0.00000000e+00+0.j 0.00000000e+00+0.j 0.00000000e+00+0.j]
 ...
 [0.00000000e+00+0.j 0.00000000e+00+0.j 0.00000000e+00+0.j ...
  1.58800628e-02+0.j 0.00000000e+00+0.j 0.00000000e+00+0.j]
 [0.00000000e+00+0.j 0.00000000e+00+0.j 0.00000000e+00+0.j ...
  0.00000000e+00+0.j 1.58800628e-02+0.j 0.00000000e+00+0.j]
 [5.44072839e-18+0.j 0.00000000e+00+0.j 0.00000000e+00+0.j ...
  0.00000000e+00+0.j 0.00000000e+00+0.j 1.64093983e-02+0.j]]"
9.539392014169456,0.9191919191919192,0.5027187772386208,0.5027101222578855,0.3569996227316637,0.0680599267835163,,"[[1.62431787e-02+0.j 0.00000000e+00+0.j 0.00000000e+00+0.j ...
  0.00000000e+00+0.j 0.00000000e+00+0.j 8.26450196e-19+0.j]
 [0.00000000e+00+0.j 1.58270621e-02+0.j 0.00000000e+00+0.j ...
  0.00000000e+00+0.j 0.00000000e+00+0.j 0.00000000e+00+0.j]
 [0.00000000e+00+0.j 0.00000000e+00+0.j 1.58270621e-02+0.j ...
  0.00000000e+00+0.j 0.00000000e+00+0.j 0.00000000e+00+0.j]
 ...
 [0.00000000e+00+0.j 0.00000000e+00+0.j 0.00000000e+00+0.j ...
  1.58270621e-02+0.j 0.00000000e+00+0.j 0.00000000e+00+0.j]
 [0.00000000e+00+0.j 0.00000000e+00+0.j 0.00000000e+00+0.j ...
  0.00000000e+00+0.j 1.58270621e-02+0.j 0.00000000e+00+0.j]
 [8.26450196e-19+0.j 0.00000000e+00+0.j 0.00000000e+00+0.j ...
  0.00000000e+00+0.j 0.00000000e+00+0.j 1.62431787e-02+0.j]]"
9.591663046625438,0.9292929292929294,0.5020831502092794,0.5020765146231765,0.35619490311536295,0.06678261545679309,,"[[1.60972171e-02+0.j 0.00000000e+00+0.j 0.00000000e+00+0.j ...
  0.00000000e+00+0.j 0.00000000e+00+0.j 9.75765672e-20+0.j]
 [0.00000000e+00+0.j 1.57800624e-02+0.j 0.00000000e+00+0.j ...
  0.00000000e+00+0.j 0.00000000e+00+0.j 0.00000000e+00+0.j]
 [0.00000000e+00+0.j 0.00000000e+00+0.j 1.57800624e-02+0.j ...
  0.00000000e+00+0.j 0.00000000e+00+0.j 0.00000000e+00+0.j]
 ...
 [0.00000000e+00+0.j 0.00000000e+00+0.j 0.00000000e+00+0.j ...
  1.57800624e-02+0.j 0.00000000e+00+0.j 0.00000000e+00+0.j]
 [0.00000000e+00+0.j 0.00000000e+00+0.j 0.00000000e+00+0.j ...
  0.00000000e+00+0.j 1.57800624e-02+0.j 0.00000000e+00+0.j]
 [9.75765672e-20+0.j 0.00000000e+00+0.j 0.00000000e+00+0.j ...
  0.00000000e+00+0.j 0.00000000e+00+0.j 1.60972171e-02+0.j]]"
9.643650760992955,0.9393939393939394,0.5015316220230281,0.5015267407074382,0.35549600639013035,0.06566345519178533,,"[[1.59712499e-02+0.j 0.00000000e+00+0.j 0.00000000e+00+0.j ...
  0.00000000e+00+0.j 0.00000000e+00+0.j 8.28317623e-21+0.j]
 [0.00000000e+00+0.j 1.57391518e-02+0.j 0.00000000e+00+0.j ...
  0.00000000e+00+0.j 0.00000000e+00+0.j 0.00000000e+00+0.j]
 [0.00000000e+00+0.j 0.00000000e+00+0.j 1.57391518e-02+0.j ...
  0.00000000e+00+0.j 0.00000000e+00+0.j 0.00000000e+00+0.j]
 ...
 [0.00000000e+00+0.j 0.00000000e+00+0.j 0.00000000e+00+0.j ...
  1.57391518e-02+0.j 0.00000000e+00+0.j 0.00000000e+00+0.j]
 [0.00000000e+00+0.j 0.00000000e+00+0.j 0.00000000e+00+0.j ...
  0.00000000e+00+0.j 1.57391518e-02+0.j 0.00000000e+00+0.j]
 [8.28317623e-21+0.j 0.00000000e+00+0.j 0.00000000e+00+0.j ...
  0.00000000e+00+0.j 0.00000000e+00+0.j 1.59712499e-02+0.j]]"
9.695359714832659,0.9494949494949496,0.5010644702384517,0.5010610763144558,0.35490356055151134,0.06470718958946757,,"[[1.58650487e-02+0.j 0.00000000e+00+0.j 0.00000000e+00+0.j ...
  0.00000000e+00+0.j 0.00000000e+00+0.j 4.48019549e-22+0.j]
 [0.00000000e+00+0.j 1.57044063e-02+0.j 0.00000000e+00+0.j ...
  0.00000000e+00+0.j 0.00000000e+00+0.j 0.00000000e+00+0.j]
 [0.00000000e+00+0.j 0.00000000e+00+0.j 1.57044063e-02+0.j ...
  0.00000000e+00+0.j 0.00000000e+00+0.j 0.00000000e+00+0.j]
 ...
 [0.00000000e+00+0.j 0.00000000e+00+0.j 0.00000000e+00+0.j ...
  1.57044063e-02+0.j 0.00000000e+00+0.j 0.00000000e+00+0.j]
 [0.00000000e+00+0.j 0.00000000e+00+0.j 0.00000000e+00+0.j ...
  0.00000000e+00+0.j 1.57044063e-02+0.j 0.00000000e+00+0.j]
 [4.48019549e-22+0.j 0.00000000e+00+0.j 0.00000000e+00+0.j ...
  0.00000000e+00+0.j 0.00000000e+00+0.j 1.58650487e-02+0.j]]"
9.746794344808963,0.9595959595959596,0.5006819309684591,0.5006797560609143,0.35441808987961576,0.06391816958056996,,"[[1.57784204e-02+0.j 0.00000000e+00+0.j 0.00000000e+00+0.j ...
  0.00000000e+00+0.j 0.00000000e+00+0.j 1.26106292e-23+0.j]
 [0.00000000e+00+0.j 1.56758903e-02+0.j 0.00000000e+00+0.j ...
  0.00000000e+00+0.j 0.00000000e+00+0.j 0.00000000e+00+0.j]
 [0.00000000e+00+0.j 0.00000000e+00+0.j 1.56758903e-02+0.j ...
  0.00000000e+00+0.j 0.00000000e+00+0.j 0.00000000e+00+0.j]
 ...
 [0.00000000e+00+0.j 0.00000000e+00+0.j 0.00000000e+00+0.j ...
  1.56758903e-02+0.j 0.00000000e+00+0.j 0.00000000e+00+0.j]
 [0.00000000e+00+0.j 0.00000000e+00+0.j 0.00000000e+00+0.j ...
  0.00000000e+00+0.j 1.56758903e-02+0.j 0.00000000e+00+0.j]
 [1.26106292e-23+0.j 0.00000000e+00+0.j 0.00000000e+00+0.j ...
  0.00000000e+00+0.j 0.00000000e+00+0.j 1.57784204e-02+0.j]]"
9.797958971132712,0.9696969696969696,0.5003841982450867,0.5003829727476333,0.35404004380498433,0.06330021196467829,,"[[1.57112067e-02+0.j 0.00000000e+00+0.j 0.00000000e+00+0.j ...
  0.00000000e+00+0.j 0.00000000e+00+0.j 1.26391239e-25+0.j]
 [0.00000000e+00+0.j 1.56536565e-02+0.j 0.00000000e+00+0.j ...
  0.00000000e+00+0.j 0.00000000e+00+0.j 0.00000000e+00+0.j]
 [0.00000000e+00+0.j 0.00000000e+00+0.j 1.56536565e-02+0.j ...
  0.00000000e+00+0.j 0.00000000e+00+0.j 0.00000000e+00+0.j]
 ...
 [0.00000000e+00+0.j 0.00000000e+00+0.j 0.00000000e+00+0.j ...
  1.56536565e-02+0.j 0.00000000e+00+0.j 0.00000000e+00+0.j]
 [0.00000000e+00+0.j 0.00000000e+00+0.j 0.00000000e+00+0.j ...
  0.00000000e+00+0.j 1.56536565e-02+0.j 0.00000000e+00+0.j]
 [1.26391239e-25+0.j 0.00000000e+00+0.j 0.00000000e+00+0.j ...
  0.00000000e+00+0.j 0.00000000e+00+0.j 1.57112067e-02+0.j]]"
9.848857801796104,0.97979797979798,0.5001714235073415,0.50017087685081,0.3537697666901899,0.06285645435676196,,"[[1.56632848e-02+0.j 0.00000000e+00+0.j 0.00000000e+00+0.j ...
  0.00000000e+00+0.j 0.00000000e+00+0.j 1.92422931e-28+0.j]
 [0.00000000e+00+0.j 1.56377460e-02+0.j 0.00000000e+00+0.j ...
  0.00000000e+00+0.j 0.00000000e+00+0.j 0.00000000e+00+0.j]
 [0.00000000e+00+0.j 0.00000000e+00+0.j 1.56377460e-02+0.j ...
  0.00000000e+00+0.j 0.00000000e+00+0.j 0.00000000e+00+0.j]
 ...
 [0.00000000e+00+0.j 0.00000000e+00+0.j 0.00000000e+00+0.j ...
  1.56377460e-02+0.j 0.00000000e+00+0.j 0.00000000e+00+0.j]
 [0.00000000e+00+0.j 0.00000000e+00+0.j 0.00000000e+00+0.j ...
  0.00000000e+00+0.j 1.56377460e-02+0.j 0.00000000e+00+0.j]
 [1.92422931e-28+0.j 0.00000000e+00+0.j 0.00000000e+00+0.j ...
  0.00000000e+00+0.j 0.00000000e+00+0.j 1.56632848e-02+0.j]]"
9.899494936611665,0.98989898989899,0.5000437152059257,0.5000435761309214,0.3536074962467535,0.062589235673634,,"[[1.56345668e-02+0.j 0.00000000e+00+0.j 0.00000000e+00+0.j ...
  0.00000000e+00+0.j 0.00000000e+00+0.j 2.93614092e-33+0.j]
 [0.00000000e+00+0.j 1.56281880e-02+0.j 0.00000000e+00+0.j ...
  0.00000000e+00+0.j 0.00000000e+00+0.j 0.00000000e+00+0.j]
 [0.00000000e+00+0.j 0.00000000e+00+0.j 1.56281880e-02+0.j ...
  0.00000000e+00+0.j 0.00000000e+00+0.j 0.00000000e+00+0.j]
 ...
 [0.00000000e+00+0.j 0.00000000e+00+0.j 0.00000000e+00+0.j ...
  1.56281880e-02+0.j 0.00000000e+00+0.j 0.00000000e+00+0.j]
 [0.00000000e+00+0.j 0.00000000e+00+0.j 0.00000000e+00+0.j ...
  0.00000000e+00+0.j 1.56281880e-02+0.j 0.00000000e+00+0.j]
 [2.93614092e-33+0.j 0.00000000e+00+0.j 0.00000000e+00+0.j ...
  0.00000000e+00+0.j 0.00000000e+00+0.j 1.56345668e-02+0.j]]"
9.9498743710662,1.0,0.5000011385238782,0.50000113535547,0.3535533905932735,0.062499999999999195,,"[[0.015625+0.j 0.      +0.j 0.      +0.j ... 0.      +0.j 0.      +0.j
  0.      +0.j]
 [0.      +0.j 0.015625+0.j 0.      +0.j ... 0.      +0.j 0.      +0.j
  0.      +0.j]
 [0.      +0.j 0.      +0.j 0.015625+0.j ... 0.      +0.j 0.      +0.j
  0.      +0.j]
 ...
 [0.      +0.j 0.      +0.j 0.      +0.j ... 0.015625+0.j 0.      +0.j
  0.      +0.j]
 [0.      +0.j 0.      +0.j 0.      +0.j ... 0.      +0.j 0.015625+0.j
  0.      +0.j]
 [0.      +0.j 0.      +0.j 0.      +0.j ... 0.      +0.j 0.      +0.j
  0.015625+0.j]]"
