,Noise_Param,Fidelity_1,Fidelity_2,Fidelity_Anonymous,Fidelity_GHZ,Fidelity_Analytic,data_anonymous
0,0.0,1.0,1.0,1.0,1.0,,"[[0.25+0.j 0.  +0.j 0.  +0.j ... 0.  +0.j 0.  +0.j 0.25+0.j]
 [0.  +0.j 0.  +0.j 0.  +0.j ... 0.  +0.j 0.  +0.j 0.  +0.j]
 [0.  +0.j 0.  +0.j 0.  +0.j ... 0.  +0.j 0.  +0.j 0.  +0.j]
 ...
 [0.  +0.j 0.  +0.j 0.  +0.j ... 0.  +0.j 0.  +0.j 0.  +0.j]
 [0.  +0.j 0.  +0.j 0.  +0.j ... 0.  +0.j 0.  +0.j 0.  +0.j]
 [0.25+0.j 0.  +0.j 0.  +0.j ... 0.  +0.j 0.  +0.j 0.25+0.j]]"
1,0.010101010101010102,0.9594091488149461,0.9594667554110776,0.9441923807587365,0.9270436110370516,,"[[0.24251932+0.j 0.        +0.j 0.        +0.j ... 0.        +0.j
  0.        +0.j 0.20405988+0.j]
 [0.        +0.j 0.00123731+0.j 0.        +0.j ... 0.        +0.j
  0.        +0.j 0.        +0.j]
 [0.        +0.j 0.        +0.j 0.00123731+0.j ... 0.        +0.j
  0.        +0.j 0.        +0.j]
 ...
 [0.        +0.j 0.        +0.j 0.        +0.j ... 0.00123731+0.j
  0.        +0.j 0.        +0.j]
 [0.        +0.j 0.        +0.j 0.        +0.j ... 0.        +0.j
  0.00123731+0.j 0.        +0.j]
 [0.20405988+0.j 0.        +0.j 0.        +0.j ... 0.        +0.j
  0.        +0.j 0.24251932+0.j]]"
2,0.020202020202020204,0.9217302867063294,0.9218392647607183,0.8926965619899687,0.8594248917236328,,"[[0.23522648+0.j 0.        +0.j 0.        +0.j ... 0.        +0.j
  0.        +0.j 0.16621523+0.j]
 [0.        +0.j 0.00242476+0.j 0.        +0.j ... 0.        +0.j
  0.        +0.j 0.        +0.j]
 [0.        +0.j 0.        +0.j 0.00242476+0.j ... 0.        +0.j
  0.        +0.j 0.        +0.j]
 ...
 [0.        +0.j 0.        +0.j 0.        +0.j ... 0.00242476+0.j
  0.        +0.j 0.        +0.j]
 [0.        +0.j 0.        +0.j 0.        +0.j ... 0.        +0.j
  0.00242476+0.j 0.        +0.j]
 [0.16621523+0.j 0.        +0.j 0.        +0.j ... 0.        +0.j
  0.        +0.j 0.23522648+0.j]]"
3,0.030303030303030304,0.8867410992673019,0.8868957215977367,0.8451789075726742,0.796766265427093,,"[[0.22811808+0.j 0.        +0.j 0.        +0.j ... 0.        +0.j
  0.        +0.j 0.13510169+0.j]
 [0.        +0.j 0.00356349+0.j 0.        +0.j ... 0.        +0.j
  0.        +0.j 0.        +0.j]
 [0.        +0.j 0.        +0.j 0.00356349+0.j ... 0.        +0.j
  0.        +0.j 0.        +0.j]
 ...
 [0.        +0.j 0.        +0.j 0.        +0.j ... 0.00356349+0.j
  0.        +0.j 0.        +0.j]
 [0.        +0.j 0.        +0.j 0.        +0.j ... 0.        +0.j
  0.00356349+0.j 0.        +0.j]
 [0.13510169+0.j 0.        +0.j 0.        +0.j ... 0.        +0.j
  0.        +0.j 0.22811808+0.j]]"
4,0.04040404040404041,0.8542344154005878,0.8544294231169334,0.801329069522896,0.7387149317394599,,"[[0.2211907 +0.j 0.        +0.j 0.        +0.j ... 0.        +0.j
  0.        +0.j 0.10957418+0.j]
 [0.        +0.j 0.00465463+0.j 0.        +0.j ... 0.        +0.j
  0.        +0.j 0.        +0.j]
 [0.        +0.j 0.        +0.j 0.00465463+0.j ... 0.        +0.j
  0.        +0.j 0.        +0.j]
 ...
 [0.        +0.j 0.        +0.j 0.        +0.j ... 0.00465463+0.j
  0.        +0.j 0.        +0.j]
 [0.        +0.j 0.        +0.j 0.        +0.j ... 0.        +0.j
  0.00465463+0.j 0.        +0.j]
 [0.10957418+0.j 0.        +0.j 0.        +0.j ... 0.        +0.j
  0.        +0.j 0.2211907 +0.j]]"
5,0.05050505050505051,0.8240176087040909,0.8242481779888999,0.7608584799909283,0.68494136631133,,"[[0.214441  +0.j 0.        +0.j 0.        +0.j ... 0.        +0.j
  0.        +0.j 0.08867336+0.j]
 [0.        +0.j 0.00569929+0.j 0.        +0.j ... 0.        +0.j
  0.        +0.j 0.        +0.j]
 [0.        +0.j 0.        +0.j 0.00569929+0.j ... 0.        +0.j
  0.        +0.j 0.        +0.j]
 ...
 [0.        +0.j 0.        +0.j 0.        +0.j ... 0.00569929+0.j
  0.        +0.j 0.        +0.j]
 [0.        +0.j 0.        +0.j 0.        +0.j ... 0.        +0.j
  0.00569929+0.j 0.        +0.j]
 [0.08867336+0.j 0.        +0.j 0.        +0.j ... 0.        +0.j
  0.        +0.j 0.214441  +0.j]]"
6,0.06060606060606061,0.7959117271830847,0.7961734383023101,0.7234991032837454,0.6351380644193664,,"[[0.20786566+0.j 0.        +0.j 0.        +0.j ... 0.        +0.j
  0.        +0.j 0.07159704+0.j]
 [0.        +0.j 0.00669859+0.j 0.        +0.j ... 0.        +0.j
  0.        +0.j 0.        +0.j]
 [0.        +0.j 0.        +0.j 0.00669859+0.j ... 0.        +0.j
  0.        +0.j 0.        +0.j]
 ...
 [0.        +0.j 0.        +0.j 0.        +0.j ... 0.00669859+0.j
  0.        +0.j 0.        +0.j]
 [0.        +0.j 0.        +0.j 0.        +0.j ... 0.        +0.j
  0.00669859+0.j 0.        +0.j]
 [0.07159704+0.j 0.        +0.j 0.        +0.j ... 0.        +0.j
  0.        +0.j 0.20786566+0.j]]"
7,0.07070707070707072,0.7697506560796673,0.770039464353812,0.6890021039982157,0.589018078490419,,"[[0.20146139+0.j 0.        +0.j 0.        +0.j ... 0.        +0.j
  0.        +0.j 0.05767567+0.j]
 [0.        +0.j 0.00765362+0.j 0.        +0.j ... 0.        +0.j
  0.        +0.j 0.        +0.j]
 [0.        +0.j 0.        +0.j 0.00765362+0.j ... 0.        +0.j
  0.        +0.j 0.        +0.j]
 ...
 [0.        +0.j 0.        +0.j 0.        +0.j ... 0.00765362+0.j
  0.        +0.j 0.        +0.j]
 [0.        +0.j 0.        +0.j 0.        +0.j ... 0.        +0.j
  0.00765362+0.j 0.        +0.j]
 [0.05767567+0.j 0.        +0.j 0.        +0.j ... 0.        +0.j
  0.        +0.j 0.20146139+0.j]]"
8,0.08080808080808081,0.7453803215567536,0.7456925301483632,0.6571366963186198,0.546313942643566,,"[[0.19522494+0.j 0.        +0.j 0.        +0.j ... 0.        +0.j
  0.        +0.j 0.04635152+0.j]
 [0.        +0.j 0.00856546+0.j 0.        +0.j ... 0.        +0.j
  0.        +0.j 0.        +0.j]
 [0.        +0.j 0.        +0.j 0.00856546+0.j ... 0.        +0.j
  0.        +0.j 0.        +0.j]
 ...
 [0.        +0.j 0.        +0.j 0.        +0.j ... 0.00856546+0.j
  0.        +0.j 0.        +0.j]
 [0.        +0.j 0.        +0.j 0.        +0.j ... 0.        +0.j
  0.00856546+0.j 0.        +0.j]
 [0.04635152+0.j 0.        +0.j 0.        +0.j ... 0.        +0.j
  0.        +0.j 0.19522494+0.j]]"
9,0.09090909090909091,0.7226579352317074,0.7229901696558817,0.6276890000866661,0.5067763499058382,,"[[0.18915311+0.j 0.        +0.j 0.        +0.j ... 0.        +0.j
  0.        +0.j 0.03716091+0.j]
 [0.        +0.j 0.00943519+0.j 0.        +0.j ... 0.        +0.j
  0.        +0.j 0.        +0.j]
 [0.        +0.j 0.        +0.j 0.00943519+0.j ... 0.        +0.j
  0.        +0.j 0.        +0.j]
 ...
 [0.        +0.j 0.        +0.j 0.        +0.j ... 0.00943519+0.j
  0.        +0.j 0.        +0.j]
 [0.        +0.j 0.        +0.j 0.        +0.j ... 0.        +0.j
  0.00943519+0.j 0.        +0.j]
 [0.03716091+0.j 0.        +0.j 0.        +0.j ... 0.        +0.j
  0.        +0.j 0.18915311+0.j]]"
10,0.10101010101010102,0.7014512783541258,0.7018004626051731,0.6004609679949469,0.47017314246049463,,"[[0.1832427 +0.j 0.        +0.j 0.        +0.j ... 0.        +0.j
  0.        +0.j 0.02971914+0.j]
 [0.        +0.j 0.01026386+0.j 0.        +0.j ... 0.        +0.j
  0.        +0.j 0.        +0.j]
 [0.        +0.j 0.        +0.j 0.01026386+0.j ... 0.        +0.j
  0.        +0.j 0.        +0.j]
 ...
 [0.        +0.j 0.        +0.j 0.        +0.j ... 0.01026386+0.j
  0.        +0.j 0.        +0.j]
 [0.        +0.j 0.        +0.j 0.        +0.j ... 0.        +0.j
  0.01026386+0.j 0.        +0.j]
 [0.02971914+0.j 0.        +0.j 0.        +0.j ... 0.        +0.j
  0.        +0.j 0.1832427 +0.j]]"
11,0.11111111111111112,0.6816380240930366,0.6820013583137595,0.575269370125015,0.43628821835783216,,"[[0.17749057+0.j 0.        +0.j 0.        +0.j ... 0.        +0.j
  0.        +0.j 0.02370771+0.j]
 [0.        +0.j 0.01105253+0.j 0.        +0.j ... 0.        +0.j
  0.        +0.j 0.        +0.j]
 [0.        +0.j 0.        +0.j 0.01105253+0.j ... 0.        +0.j
  0.        +0.j 0.        +0.j]
 ...
 [0.        +0.j 0.        +0.j 0.        +0.j ... 0.01105253+0.j
  0.        +0.j 0.        +0.j]
 [0.        +0.j 0.        +0.j 0.        +0.j ... 0.        +0.j
  0.01105253+0.j 0.        +0.j]
 [0.02370771+0.j 0.        +0.j 0.        +0.j ... 0.        +0.j
  0.        +0.j 0.17749057+0.j]]"
12,0.12121212121212122,0.6631050963662337,0.6634800359559344,0.5519448426603097,0.40492052065726925,,"[[0.17189362+0.j 0.        +0.j 0.        +0.j ... 0.        +0.j
  0.        +0.j 0.01886345+0.j]
 [0.        +0.j 0.01180222+0.j 0.        +0.j ... 0.        +0.j
  0.        +0.j 0.        +0.j]
 [0.        +0.j 0.        +0.j 0.01180222+0.j ... 0.        +0.j
  0.        +0.j 0.        +0.j]
 ...
 [0.        +0.j 0.        +0.j 0.        +0.j ... 0.01180222+0.j
  0.        +0.j 0.        +0.j]
 [0.        +0.j 0.        +0.j 0.        +0.j ... 0.        +0.j
  0.01180222+0.j 0.        +0.j]
 [0.01886345+0.j 0.        +0.j 0.        +0.j ... 0.        +0.j
  0.        +0.j 0.17189362+0.j]]"
13,0.13131313131313133,0.6457480636460606,0.6461322997454999,0.5303309423371502,0.3758831245673984,,"[[0.16644876+0.j 0.        +0.j 0.        +0.j ... 0.        +0.j
  0.        +0.j 0.01496943+0.j]
 [0.        +0.j 0.01251397+0.j 0.        +0.j ... 0.        +0.j
  0.        +0.j 0.        +0.j]
 [0.        +0.j 0.        +0.j 0.01251397+0.j ... 0.        +0.j
  0.        +0.j 0.        +0.j]
 ...
 [0.        +0.j 0.        +0.j 0.        +0.j ... 0.01251397+0.j
  0.        +0.j 0.        +0.j]
 [0.        +0.j 0.        +0.j 0.        +0.j ... 0.        +0.j
  0.01251397+0.j 0.        +0.j]
 [0.01496943+0.j 0.        +0.j 0.        +0.j ... 0.        +0.j
  0.        +0.j 0.16644876+0.j]]"
14,0.14141414141414144,0.6294705662195395,0.6298620074882896,0.5102833359324752,0.3490023055582085,,"[[0.16115297+0.j 0.        +0.j 0.        +0.j ... 0.        +0.j
  0.        +0.j 0.01184717+0.j]
 [0.        +0.j 0.01318878+0.j 0.        +0.j ... 0.        +0.j
  0.        +0.j 0.        +0.j]
 [0.        +0.j 0.        +0.j 0.01318878+0.j ... 0.        +0.j
  0.        +0.j 0.        +0.j]
 ...
 [0.        +0.j 0.        +0.j 0.        +0.j ... 0.01318878+0.j
  0.        +0.j 0.        +0.j]
 [0.        +0.j 0.        +0.j 0.        +0.j ... 0.        +0.j
  0.01318878+0.j 0.        +0.j]
 [0.01184717+0.j 0.        +0.j 0.        +0.j ... 0.        +0.j
  0.        +0.j 0.16115297+0.j]]"
15,0.15151515151515152,0.614183775414289,0.6145805310272088,0.4916689883536109,0.3241167166133183,,"[[0.15600324+0.j 0.        +0.j 0.        +0.j ... 0.        +0.j
  0.        +0.j 0.00935022+0.j]
 [0.        +0.j 0.01382766+0.j 0.        +0.j ... 0.        +0.j
  0.        +0.j 0.        +0.j]
 [0.        +0.j 0.        +0.j 0.01382766+0.j ... 0.        +0.j
  0.        +0.j 0.        +0.j]
 ...
 [0.        +0.j 0.        +0.j 0.        +0.j ... 0.01382766+0.j
  0.        +0.j 0.        +0.j]
 [0.        +0.j 0.        +0.j 0.        +0.j ... 0.        +0.j
  0.01382766+0.j 0.        +0.j]
 [0.00935022+0.j 0.        +0.j 0.        +0.j ... 0.        +0.j
  0.        +0.j 0.15600324+0.j]]"
16,0.16161616161616163,0.5998058833501626,0.6002062471500221,0.47436535360867904,0.3010765831441326,,"[[0.15099659+0.j 0.        +0.j 0.        +0.j ... 0.        +0.j
  0.        +0.j 0.00735865+0.j]
 [0.        +0.j 0.0144316 +0.j 0.        +0.j ... 0.        +0.j
  0.        +0.j 0.        +0.j]
 [0.        +0.j 0.        +0.j 0.0144316 +0.j ... 0.        +0.j
  0.        +0.j 0.        +0.j]
 ...
 [0.        +0.j 0.        +0.j 0.        +0.j ... 0.0144316 +0.j
  0.        +0.j 0.        +0.j]
 [0.        +0.j 0.        +0.j 0.        +0.j ... 0.        +0.j
  0.0144316 +0.j 0.        +0.j]
 [0.00735865+0.j 0.        +0.j 0.        +0.j ... 0.        +0.j
  0.        +0.j 0.15099659+0.j]]"
17,0.17171717171717174,0.5862616218316457,0.5866640575648039,0.4582596964501895,0.27974294834640206,,"[[0.1461301 +0.j 0.        +0.j 0.        +0.j ... 0.        +0.j
  0.        +0.j 0.00577448+0.j]
 [0.        +0.j 0.01500158+0.j 0.        +0.j ... 0.        +0.j
  0.        +0.j 0.        +0.j]
 [0.        +0.j 0.        +0.j 0.01500158+0.j ... 0.        +0.j
  0.        +0.j 0.        +0.j]
 ...
 [0.        +0.j 0.        +0.j 0.        +0.j ... 0.01500158+0.j
  0.        +0.j 0.        +0.j]
 [0.        +0.j 0.        +0.j 0.        +0.j ... 0.        +0.j
  0.01500158+0.j 0.        +0.j]
 [0.00577448+0.j 0.        +0.j 0.        +0.j ... 0.        +0.j
  0.        +0.j 0.1461301 +0.j]]"
18,0.18181818181818182,0.5734818090254988,0.573884936600908,0.443248374225896,0.2599869611086988,,"[[0.14140086+0.j 0.        +0.j 0.        +0.j ... 0.        +0.j
  0.        +0.j 0.0045179 +0.j]
 [0.        +0.j 0.01553856+0.j 0.        +0.j ... 0.        +0.j
  0.        +0.j 0.        +0.j]
 [0.        +0.j 0.        +0.j 0.01553856+0.j ... 0.        +0.j
  0.        +0.j 0.        +0.j]
 ...
 [0.        +0.j 0.        +0.j 0.        +0.j ... 0.01553856+0.j
  0.        +0.j 0.        +0.j]
 [0.        +0.j 0.        +0.j 0.        +0.j ... 0.        +0.j
  0.01553856+0.j 0.        +0.j]
 [0.0045179 +0.j 0.        +0.j 0.        +0.j ... 0.        +0.j
  0.        +0.j 0.14140086+0.j]]"
19,0.19191919191919193,0.5614029226352537,0.5618055053517638,0.429236257513201,0.24168920450581352,,"[[0.13680602+0.j 0.        +0.j 0.        +0.j ... 0.        +0.j
  0.        +0.j 0.003524  +0.j]
 [0.        +0.j 0.01604349+0.j 0.        +0.j ... 0.        +0.j
  0.        +0.j 0.        +0.j]
 [0.        +0.j 0.        +0.j 0.01604349+0.j ... 0.        +0.j
  0.        +0.j 0.        +0.j]
 ...
 [0.        +0.j 0.        +0.j 0.        +0.j ... 0.01604349+0.j
  0.        +0.j 0.        +0.j]
 [0.        +0.j 0.        +0.j 0.        +0.j ... 0.        +0.j
  0.01604349+0.j 0.        +0.j]
 [0.003524  +0.j 0.        +0.j 0.        +0.j ... 0.        +0.j
  0.        +0.j 0.13680602+0.j]]"
20,0.20202020202020204,0.5499666983167164,0.5503676309916601,0.4161360686054567,0.22473906594963902,,"[[0.13234273+0.j 0.        +0.j 0.        +0.j ... 0.        +0.j
  0.        +0.j 0.00274017+0.j]
 [0.        +0.j 0.01651732+0.j 0.        +0.j ... 0.        +0.j
  0.        +0.j 0.        +0.j]
 [0.        +0.j 0.        +0.j 0.01651732+0.j ... 0.        +0.j
  0.        +0.j 0.        +0.j]
 ...
 [0.        +0.j 0.        +0.j 0.        +0.j ... 0.01651732+0.j
  0.        +0.j 0.        +0.j]
 [0.        +0.j 0.        +0.j 0.        +0.j ... 0.        +0.j
  0.01651732+0.j 0.        +0.j]
 [0.00274017+0.j 0.        +0.j 0.        +0.j ... 0.        +0.j
  0.        +0.j 0.13234273+0.j]]"
21,0.21212121212121213,0.5391197521215344,0.5395180500752871,0.4038678515989121,0.20903412637704405,,"[[0.12800822+0.j 0.        +0.j 0.        +0.j ... 0.        +0.j
  0.        +0.j 0.00212387+0.j]
 [0.        +0.j 0.01696099+0.j 0.        +0.j ... 0.        +0.j
  0.        +0.j 0.        +0.j]
 [0.        +0.j 0.        +0.j 0.01696099+0.j ... 0.        +0.j
  0.        +0.j 0.        +0.j]
 ...
 [0.        +0.j 0.        +0.j 0.        +0.j ... 0.01696099+0.j
  0.        +0.j 0.        +0.j]
 [0.        +0.j 0.        +0.j 0.        +0.j ... 0.        +0.j
  0.01696099+0.j 0.        +0.j]
 [0.00212387+0.j 0.        +0.j 0.        +0.j ... 0.        +0.j
  0.        +0.j 0.12800822+0.j]]"
22,0.22222222222222224,0.5288132258152943,0.5292080146527647,0.39235841251300785,0.19447963184625244,,"[[0.12379973+0.j 0.        +0.j 0.        +0.j ... 0.        +0.j
  0.        +0.j 0.00164078+0.j]
 [0.        +0.j 0.0173754 +0.j 0.        +0.j ... 0.        +0.j
  0.        +0.j 0.        +0.j]
 [0.        +0.j 0.        +0.j 0.0173754 +0.j ... 0.        +0.j
  0.        +0.j 0.        +0.j]
 ...
 [0.        +0.j 0.        +0.j 0.        +0.j ... 0.0173754 +0.j
  0.        +0.j 0.        +0.j]
 [0.        +0.j 0.        +0.j 0.        +0.j ... 0.        +0.j
  0.0173754 +0.j 0.        +0.j]
 [0.00164078+0.j 0.        +0.j 0.        +0.j ... 0.        +0.j
  0.        +0.j 0.12379973+0.j]]"
23,0.23232323232323235,0.5190024539335139,0.5193929600830143,0.3815408546184733,0.1809879225484404,,"[[0.11971452+0.j 0.        +0.j 0.        +0.j ... 0.        +0.j
  0.        +0.j 0.0012633 +0.j]
 [0.        +0.j 0.01776147+0.j 0.        +0.j ... 0.        +0.j
  0.        +0.j 0.        +0.j]
 [0.        +0.j 0.        +0.j 0.01776147+0.j ... 0.        +0.j
  0.        +0.j 0.        +0.j]
 ...
 [0.        +0.j 0.        +0.j 0.        +0.j ... 0.01776147+0.j
  0.        +0.j 0.        +0.j]
 [0.        +0.j 0.        +0.j 0.        +0.j ... 0.        +0.j
  0.01776147+0.j 0.        +0.j]
 [0.0012633 +0.j 0.        +0.j 0.        +0.j ... 0.        +0.j
  0.        +0.j 0.11971452+0.j]]"
24,0.24242424242424243,0.5096466515147373,0.5100321934658513,0.3713540825192237,0.16847797957357483,,"[[0.11574991+0.j 0.        +0.j 0.        +0.j ... 0.        +0.j
  0.        +0.j 0.00096931+0.j]
 [0.        +0.j 0.01812009+0.j 0.        +0.j ... 0.        +0.j
  0.        +0.j 0.        +0.j]
 [0.        +0.j 0.        +0.j 0.01812009+0.j ... 0.        +0.j
  0.        +0.j 0.        +0.j]
 ...
 [0.        +0.j 0.        +0.j 0.        +0.j ... 0.01812009+0.j
  0.        +0.j 0.        +0.j]
 [0.        +0.j 0.        +0.j 0.        +0.j ... 0.        +0.j
  0.01812009+0.j 0.        +0.j]
 [0.00096931+0.j 0.        +0.j 0.        +0.j ... 0.        +0.j
  0.        +0.j 0.11574991+0.j]]"
25,0.25252525252525254,0.5007086214509785,0.5010886016565832,0.3617423911906573,0.1568749287809428,,"[[0.11190325+0.j 0.        +0.j 0.        +0.j ... 0.        +0.j
  0.        +0.j 0.00074109+0.j]
 [0.        +0.j 0.01845215+0.j 0.        +0.j ... 0.        +0.j
  0.        +0.j 0.        +0.j]
 [0.        +0.j 0.        +0.j 0.01845215+0.j ... 0.        +0.j
  0.        +0.j 0.        +0.j]
 ...
 [0.        +0.j 0.        +0.j 0.        +0.j ... 0.01845215+0.j
  0.        +0.j 0.        +0.j]
 [0.        +0.j 0.        +0.j 0.        +0.j ... 0.        +0.j
  0.01845215+0.j 0.        +0.j]
 [0.00074109+0.j 0.        +0.j 0.        +0.j ... 0.        +0.j
  0.        +0.j 0.11190325+0.j]]"
26,0.26262626262626265,0.49215448047220933,0.4925283778684441,0.3526550229273978,0.14610962014739937,,"[[0.10817193+0.j 0.        +0.j 0.        +0.j ... 0.        +0.j
  0.        +0.j 0.00056454+0.j]
 [0.        +0.j 0.01875853+0.j 0.        +0.j ... 0.        +0.j
  0.        +0.j 0.        +0.j]
 [0.        +0.j 0.        +0.j 0.01875853+0.j ... 0.        +0.j
  0.        +0.j 0.        +0.j]
 ...
 [0.        +0.j 0.        +0.j 0.        +0.j ... 0.01875853+0.j
  0.        +0.j 0.        +0.j]
 [0.        +0.j 0.        +0.j 0.        +0.j ... 0.        +0.j
  0.01875853+0.j 0.        +0.j]
 [0.00056454+0.j 0.        +0.j 0.        +0.j ... 0.        +0.j
  0.        +0.j 0.10817193+0.j]]"
27,0.27272727272727276,0.4839534027963685,0.4843207659006101,0.34404580517916783,0.1361182033812365,,"[[0.10455335+0.j 0.        +0.j 0.        +0.j ... 0.        +0.j
  0.        +0.j 0.00042844+0.j]
 [0.        +0.j 0.01904007+0.j 0.        +0.j ... 0.        +0.j
  0.        +0.j 0.        +0.j]
 [0.        +0.j 0.        +0.j 0.01904007+0.j ... 0.        +0.j
  0.        +0.j 0.        +0.j]
 ...
 [0.        +0.j 0.        +0.j 0.        +0.j ... 0.01904007+0.j
  0.        +0.j 0.        +0.j]
 [0.        +0.j 0.        +0.j 0.        +0.j ... 0.        +0.j
  0.01904007+0.j 0.        +0.j]
 [0.00042844+0.j 0.        +0.j 0.        +0.j ... 0.        +0.j
  0.        +0.j 0.10455335+0.j]]"
28,0.2828282828282829,0.47607738052235216,0.4764378210724772,0.33587278617957017,0.1268417680332364,,"[[0.10104498+0.j 0.        +0.j 0.        +0.j ... 0.        +0.j
  0.        +0.j 0.00032389+0.j]
 [0.        +0.j 0.01929763+0.j 0.        +0.j ... 0.        +0.j
  0.        +0.j 0.        +0.j]
 [0.        +0.j 0.        +0.j 0.01929763+0.j ... 0.        +0.j
  0.        +0.j 0.        +0.j]
 ...
 [0.        +0.j 0.        +0.j 0.        +0.j ... 0.01929763+0.j
  0.        +0.j 0.        +0.j]
 [0.        +0.j 0.        +0.j 0.        +0.j ... 0.        +0.j
  0.01929763+0.j 0.        +0.j]
 [0.00032389+0.j 0.        +0.j 0.        +0.j ... 0.        +0.j
  0.        +0.j 0.10104498+0.j]]"
29,0.29292929292929293,0.46850099988096205,0.46885418698067116,0.32809790859051197,0.11822596017864315,,"[[0.09764429+0.j 0.        +0.j 0.        +0.j ... 0.        +0.j
  0.        +0.j 0.00024389+0.j]
 [0.        +0.j 0.01953205+0.j 0.        +0.j ... 0.        +0.j
  0.        +0.j 0.        +0.j]
 [0.        +0.j 0.        +0.j 0.01953205+0.j ... 0.        +0.j
  0.        +0.j 0.        +0.j]
 ...
 [0.        +0.j 0.        +0.j 0.        +0.j ... 0.01953205+0.j
  0.        +0.j 0.        +0.j]
 [0.        +0.j 0.        +0.j 0.        +0.j ... 0.        +0.j
  0.01953205+0.j 0.        +0.j]
 [0.00024389+0.j 0.        +0.j 0.        +0.j ... 0.        +0.j
  0.        +0.j 0.09764429+0.j]]"
30,0.30303030303030304,0.4612012324918002,0.4615468872241317,0.32068665288172127,0.11022065819752784,,"[[0.09434882+0.j 0.        +0.j 0.        +0.j ... 0.        +0.j
  0.        +0.j 0.0001829 +0.j]
 [0.        +0.j 0.01974415+0.j 0.        +0.j ... 0.        +0.j
  0.        +0.j 0.        +0.j]
 [0.        +0.j 0.        +0.j 0.01974415+0.j ... 0.        +0.j
  0.        +0.j 0.        +0.j]
 ...
 [0.        +0.j 0.        +0.j 0.        +0.j ... 0.01974415+0.j
  0.        +0.j 0.        +0.j]
 [0.        +0.j 0.        +0.j 0.        +0.j ... 0.        +0.j
  0.01974415+0.j 0.        +0.j]
 [0.0001829 +0.j 0.        +0.j 0.        +0.j ... 0.        +0.j
  0.        +0.j 0.09434882+0.j]]"
31,0.31313131313131315,0.4541572408107312,0.45449513129420804,0.31360783382170293,0.10277965612367444,,"[[0.09115612+0.j 0.        +0.j 0.        +0.j ... 0.        +0.j
  0.        +0.j 0.00013659+0.j]
 [0.        +0.j 0.01993475+0.j 0.        +0.j ... 0.        +0.j
  0.        +0.j 0.        +0.j]
 [0.        +0.j 0.        +0.j 0.01993475+0.j ... 0.        +0.j
  0.        +0.j 0.        +0.j]
 ...
 [0.        +0.j 0.        +0.j 0.        +0.j ... 0.01993475+0.j
  0.        +0.j 0.        +0.j]
 [0.        +0.j 0.        +0.j 0.        +0.j ... 0.        +0.j
  0.01993475+0.j 0.        +0.j]
 [0.00013659+0.j 0.        +0.j 0.        +0.j ... 0.        +0.j
  0.        +0.j 0.09115612+0.j]]"
32,0.32323232323232326,0.4473501969839118,0.4476801338363982,0.30683324615104307,0.09586037013781172,,"[[0.08806379+0.j 0.        +0.j 0.        +0.j ... 0.        +0.j
  0.        +0.j 0.00010156+0.j]
 [0.        +0.j 0.02010464+0.j 0.        +0.j ... 0.        +0.j
  0.        +0.j 0.        +0.j]
 [0.        +0.j 0.        +0.j 0.02010464+0.j ... 0.        +0.j
  0.        +0.j 0.        +0.j]
 ...
 [0.        +0.j 0.        +0.j 0.        +0.j ... 0.02010464+0.j
  0.        +0.j 0.        +0.j]
 [0.        +0.j 0.        +0.j 0.        +0.j ... 0.        +0.j
  0.02010464+0.j 0.        +0.j]
 [0.00010156+0.j 0.        +0.j 0.        +0.j ... 0.        +0.j
  0.        +0.j 0.08806379+0.j]]"
33,0.33333333333333337,0.4407631143607454,0.4410849465425961,0.30033743849158745,0.08942356467192511,,"[[8.50694444e-02+0.j 0.00000000e+00+0.j 0.00000000e+00+0.j ...
  0.00000000e+00+0.j 0.00000000e+00+0.j 7.51821650e-05+0.j]
 [0.00000000e+00+0.j 2.02546296e-02+0.j 0.00000000e+00+0.j ...
  0.00000000e+00+0.j 0.00000000e+00+0.j 0.00000000e+00+0.j]
 [0.00000000e+00+0.j 0.00000000e+00+0.j 2.02546296e-02+0.j ...
  0.00000000e+00+0.j 0.00000000e+00+0.j 0.00000000e+00+0.j]
 ...
 [0.00000000e+00+0.j 0.00000000e+00+0.j 0.00000000e+00+0.j ...
  2.02546296e-02+0.j 0.00000000e+00+0.j 0.00000000e+00+0.j]
 [0.00000000e+00+0.j 0.00000000e+00+0.j 0.00000000e+00+0.j ...
  0.00000000e+00+0.j 2.02546296e-02+0.j 0.00000000e+00+0.j]
 [7.51821650e-05+0.j 0.00000000e+00+0.j 0.00000000e+00+0.j ...
  0.00000000e+00+0.j 0.00000000e+00+0.j 8.50694444e-02+0.j]]"
34,0.3434343434343435,0.4343806909473025,0.4346943019587741,0.29409749161027027,0.08343309703427025,,"[[8.21707582e-02+0.j 0.00000000e+00+0.j 0.00000000e+00+0.j ...
  0.00000000e+00+0.j 0.00000000e+00+0.j 5.53991689e-05+0.j]
 [0.00000000e+00+0.j 2.03854844e-02+0.j 0.00000000e+00+0.j ...
  0.00000000e+00+0.j 0.00000000e+00+0.j 0.00000000e+00+0.j]
 [0.00000000e+00+0.j 0.00000000e+00+0.j 2.03854844e-02+0.j ...
  0.00000000e+00+0.j 0.00000000e+00+0.j 0.00000000e+00+0.j]
 ...
 [0.00000000e+00+0.j 0.00000000e+00+0.j 0.00000000e+00+0.j ...
  2.03854844e-02+0.j 0.00000000e+00+0.j 0.00000000e+00+0.j]
 [0.00000000e+00+0.j 0.00000000e+00+0.j 0.00000000e+00+0.j ...
  0.00000000e+00+0.j 2.03854844e-02+0.j 0.00000000e+00+0.j]
 [5.53991689e-05+0.j 0.00000000e+00+0.j 0.00000000e+00+0.j ...
  0.00000000e+00+0.j 0.00000000e+00+0.j 8.21707582e-02+0.j]]"
35,0.3535353535353536,0.428189164111686,0.42849446851896567,0.28809279115985387,0.07785568074749188,,"[[7.93654272e-02+0.j 0.00000000e+00+0.j 0.00000000e+00+0.j ...
  0.00000000e+00+0.j 0.00000000e+00+0.j 4.06289498e-05+0.j]
 [0.00000000e+00+0.j 2.04979746e-02+0.j 0.00000000e+00+0.j ...
  0.00000000e+00+0.j 0.00000000e+00+0.j 0.00000000e+00+0.j]
 [0.00000000e+00+0.j 0.00000000e+00+0.j 2.04979746e-02+0.j ...
  0.00000000e+00+0.j 0.00000000e+00+0.j 0.00000000e+00+0.j]
 ...
 [0.00000000e+00+0.j 0.00000000e+00+0.j 0.00000000e+00+0.j ...
  2.04979746e-02+0.j 0.00000000e+00+0.j 0.00000000e+00+0.j]
 [0.00000000e+00+0.j 0.00000000e+00+0.j 0.00000000e+00+0.j ...
  0.00000000e+00+0.j 2.04979746e-02+0.j 0.00000000e+00+0.j]
 [4.06289498e-05+0.j 0.00000000e+00+0.j 0.00000000e+00+0.j ...
  0.00000000e+00+0.j 0.00000000e+00+0.j 7.93654272e-02+0.j]]"
36,0.36363636363636365,0.4221761758877121,0.4224731161513208,0.2823048259663254,0.07266065794856663,,"[[7.66511850e-02+0.j 0.00000000e+00+0.j 0.00000000e+00+0.j ...
  0.00000000e+00+0.j 0.00000000e+00+0.j 2.96515299e-05+0.j]
 [0.00000000e+00+0.j 2.05928557e-02+0.j 0.00000000e+00+0.j ...
  0.00000000e+00+0.j 0.00000000e+00+0.j 0.00000000e+00+0.j]
 [0.00000000e+00+0.j 0.00000000e+00+0.j 2.05928557e-02+0.j ...
  0.00000000e+00+0.j 0.00000000e+00+0.j 0.00000000e+00+0.j]
 ...
 [0.00000000e+00+0.j 0.00000000e+00+0.j 0.00000000e+00+0.j ...
  2.05928557e-02+0.j 0.00000000e+00+0.j 0.00000000e+00+0.j]
 [0.00000000e+00+0.j 0.00000000e+00+0.j 0.00000000e+00+0.j ...
  0.00000000e+00+0.j 2.05928557e-02+0.j 0.00000000e+00+0.j]
 [2.96515299e-05+0.j 0.00000000e+00+0.j 0.00000000e+00+0.j ...
  0.00000000e+00+0.j 0.00000000e+00+0.j 7.66511850e-02+0.j]]"
37,0.37373737373737376,0.41633064824781185,0.4166191918338312,0.2767170102357345,0.06781980585479737,,"[[7.40258008e-02+0.j 0.00000000e+00+0.j 0.00000000e+00+0.j ...
  0.00000000e+00+0.j 0.00000000e+00+0.j 2.15312829e-05+0.j]
 [0.00000000e+00+0.j 2.06708712e-02+0.j 0.00000000e+00+0.j ...
  0.00000000e+00+0.j 0.00000000e+00+0.j 0.00000000e+00+0.j]
 [0.00000000e+00+0.j 0.00000000e+00+0.j 2.06708712e-02+0.j ...
  0.00000000e+00+0.j 0.00000000e+00+0.j 0.00000000e+00+0.j]
 ...
 [0.00000000e+00+0.j 0.00000000e+00+0.j 0.00000000e+00+0.j ...
  2.06708712e-02+0.j 0.00000000e+00+0.j 0.00000000e+00+0.j]
 [0.00000000e+00+0.j 0.00000000e+00+0.j 0.00000000e+00+0.j ...
  0.00000000e+00+0.j 2.06708712e-02+0.j 0.00000000e+00+0.j]
 [2.15312829e-05+0.j 0.00000000e+00+0.j 0.00000000e+00+0.j ...
  0.00000000e+00+0.j 0.00000000e+00+0.j 7.40258008e-02+0.j]]"
38,0.38383838383838387,0.41064266774381813,0.4109228044953389,0.2713144903173383,0.0633071331196921,,"[[7.14870786e-02+0.j 0.00000000e+00+0.j 0.00000000e+00+0.j ...
  0.00000000e+00+0.j 0.00000000e+00+0.j 1.55536677e-05+0.j]
 [0.00000000e+00+0.j 2.07327532e-02+0.j 0.00000000e+00+0.j ...
  0.00000000e+00+0.j 0.00000000e+00+0.j 0.00000000e+00+0.j]
 [0.00000000e+00+0.j 0.00000000e+00+0.j 2.07327532e-02+0.j ...
  0.00000000e+00+0.j 0.00000000e+00+0.j 0.00000000e+00+0.j]
 ...
 [0.00000000e+00+0.j 0.00000000e+00+0.j 0.00000000e+00+0.j ...
  2.07327532e-02+0.j 0.00000000e+00+0.j 0.00000000e+00+0.j]
 [0.00000000e+00+0.j 0.00000000e+00+0.j 0.00000000e+00+0.j ...
  0.00000000e+00+0.j 2.07327532e-02+0.j 0.00000000e+00+0.j]
 [1.55536677e-05+0.j 0.00000000e+00+0.j 0.00000000e+00+0.j ...
  0.00000000e+00+0.j 0.00000000e+00+0.j 7.14870786e-02+0.j]]"
39,0.393939393939394,0.4051033789473351,0.40537511869678844,0.2660840020757015,0.05909870847274569,,"[[6.90328577e-02+0.j 0.00000000e+00+0.j 0.00000000e+00+0.j ...
  0.00000000e+00+0.j 0.00000000e+00+0.j 1.11753498e-05+0.j]
 [0.00000000e+00+0.j 2.07792219e-02+0.j 0.00000000e+00+0.j ...
  0.00000000e+00+0.j 0.00000000e+00+0.j 0.00000000e+00+0.j]
 [0.00000000e+00+0.j 0.00000000e+00+0.j 2.07792219e-02+0.j ...
  0.00000000e+00+0.j 0.00000000e+00+0.j 0.00000000e+00+0.j]
 ...
 [0.00000000e+00+0.j 0.00000000e+00+0.j 0.00000000e+00+0.j ...
  2.07792219e-02+0.j 0.00000000e+00+0.j 0.00000000e+00+0.j]
 [0.00000000e+00+0.j 0.00000000e+00+0.j 0.00000000e+00+0.j ...
  0.00000000e+00+0.j 2.07792219e-02+0.j 0.00000000e+00+0.j]
 [1.11753498e-05+0.j 0.00000000e+00+0.j 0.00000000e+00+0.j ...
  0.00000000e+00+0.j 0.00000000e+00+0.j 6.90328577e-02+0.j]]"
40,0.4040404040404041,0.39970488614478766,0.39996825654562707,0.2610137188855605,0.055172494854181756,,"[[6.66610124e-02+0.j 0.00000000e+00+0.j 0.00000000e+00+0.j ...
  0.00000000e+00+0.j 0.00000000e+00+0.j 7.98502628e-06+0.j]
 [0.00000000e+00+0.j 2.08109859e-02+0.j 0.00000000e+00+0.j ...
  0.00000000e+00+0.j 0.00000000e+00+0.j 0.00000000e+00+0.j]
 [0.00000000e+00+0.j 0.00000000e+00+0.j 2.08109859e-02+0.j ...
  0.00000000e+00+0.j 0.00000000e+00+0.j 0.00000000e+00+0.j]
 ...
 [0.00000000e+00+0.j 0.00000000e+00+0.j 0.00000000e+00+0.j ...
  2.08109859e-02+0.j 0.00000000e+00+0.j 0.00000000e+00+0.j]
 [0.00000000e+00+0.j 0.00000000e+00+0.j 0.00000000e+00+0.j ...
  0.00000000e+00+0.j 2.08109859e-02+0.j 0.00000000e+00+0.j]
 [7.98502628e-06+0.j 0.00000000e+00+0.j 0.00000000e+00+0.j ...
  0.00000000e+00+0.j 0.00000000e+00+0.j 6.66610124e-02+0.j]]"
41,0.4141414141414142,0.3944401627621559,0.39469520732803237,0.256093115965865,0.05150819690606566,,"[[6.43694522e-02+0.j 0.00000000e+00+0.j 0.00000000e+00+0.j ...
  0.00000000e+00+0.j 0.00000000e+00+0.j 5.67278061e-06+0.j]
 [0.00000000e+00+0.j 2.08287419e-02+0.j 0.00000000e+00+0.j ...
  0.00000000e+00+0.j 0.00000000e+00+0.j 0.00000000e+00+0.j]
 [0.00000000e+00+0.j 0.00000000e+00+0.j 2.08287419e-02+0.j ...
  0.00000000e+00+0.j 0.00000000e+00+0.j 0.00000000e+00+0.j]
 ...
 [0.00000000e+00+0.j 0.00000000e+00+0.j 0.00000000e+00+0.j ...
  2.08287419e-02+0.j 0.00000000e+00+0.j 0.00000000e+00+0.j]
 [0.00000000e+00+0.j 0.00000000e+00+0.j 0.00000000e+00+0.j ...
  0.00000000e+00+0.j 2.08287419e-02+0.j 0.00000000e+00+0.j]
 [5.67278061e-06+0.j 0.00000000e+00+0.j 0.00000000e+00+0.j ...
  0.00000000e+00+0.j 0.00000000e+00+0.j 6.43694522e-02+0.j]]"
42,0.42424242424242425,0.38930296802999315,0.38954974436325324,0.25131284555649064,0.0480871198297987,,"[[6.21561217e-02+0.j 0.00000000e+00+0.j 0.00000000e+00+0.j ...
  0.00000000e+00+0.j 0.00000000e+00+0.j 4.00620557e-06+0.j]
 [0.00000000e+00+0.j 2.08331752e-02+0.j 0.00000000e+00+0.j ...
  0.00000000e+00+0.j 0.00000000e+00+0.j 0.00000000e+00+0.j]
 [0.00000000e+00+0.j 0.00000000e+00+0.j 2.08331752e-02+0.j ...
  0.00000000e+00+0.j 0.00000000e+00+0.j 0.00000000e+00+0.j]
 ...
 [0.00000000e+00+0.j 0.00000000e+00+0.j 0.00000000e+00+0.j ...
  2.08331752e-02+0.j 0.00000000e+00+0.j 0.00000000e+00+0.j]
 [0.00000000e+00+0.j 0.00000000e+00+0.j 0.00000000e+00+0.j ...
  0.00000000e+00+0.j 2.08331752e-02+0.j 0.00000000e+00+0.j]
 [4.00620557e-06+0.j 0.00000000e+00+0.j 0.00000000e+00+0.j ...
  0.00000000e+00+0.j 0.00000000e+00+0.j 6.21561217e-02+0.j]]"
43,0.43434343434343436,0.3842877704180968,0.3845263486063345,0.24666462534457312,0.044892038892503865,,"[[6.00190008e-02+0.j 0.00000000e+00+0.j 0.00000000e+00+0.j ...
  0.00000000e+00+0.j 0.00000000e+00+0.j 2.81187918e-06+0.j]
 [0.00000000e+00+0.j 2.08249591e-02+0.j 0.00000000e+00+0.j ...
  0.00000000e+00+0.j 0.00000000e+00+0.j 0.00000000e+00+0.j]
 [0.00000000e+00+0.j 0.00000000e+00+0.j 2.08249591e-02+0.j ...
  0.00000000e+00+0.j 0.00000000e+00+0.j 0.00000000e+00+0.j]
 ...
 [0.00000000e+00+0.j 0.00000000e+00+0.j 0.00000000e+00+0.j ...
  2.08249591e-02+0.j 0.00000000e+00+0.j 0.00000000e+00+0.j]
 [0.00000000e+00+0.j 0.00000000e+00+0.j 0.00000000e+00+0.j ...
  0.00000000e+00+0.j 2.08249591e-02+0.j 0.00000000e+00+0.j]
 [2.81187918e-06+0.j 0.00000000e+00+0.j 0.00000000e+00+0.j ...
  0.00000000e+00+0.j 0.00000000e+00+0.j 6.00190008e-02+0.j]]"
44,0.4444444444444445,0.37938967739065965,0.37962013856386384,0.24214111768936983,0.0419070789000011,,"[[5.79561043e-02+0.j 0.00000000e+00+0.j 0.00000000e+00+0.j ...
  0.00000000e+00+0.j 0.00000000e+00+0.j 1.96105560e-06+0.j]
 [0.00000000e+00+0.j 2.08047554e-02+0.j 0.00000000e+00+0.j ...
  0.00000000e+00+0.j 0.00000000e+00+0.j 0.00000000e+00+0.j]
 [0.00000000e+00+0.j 0.00000000e+00+0.j 2.08047554e-02+0.j ...
  0.00000000e+00+0.j 0.00000000e+00+0.j 0.00000000e+00+0.j]
 ...
 [0.00000000e+00+0.j 0.00000000e+00+0.j 0.00000000e+00+0.j ...
  2.08047554e-02+0.j 0.00000000e+00+0.j 0.00000000e+00+0.j]
 [0.00000000e+00+0.j 0.00000000e+00+0.j 0.00000000e+00+0.j ...
  0.00000000e+00+0.j 2.08047554e-02+0.j 0.00000000e+00+0.j]
 [1.96105560e-06+0.j 0.00000000e+00+0.j 0.00000000e+00+0.j ...
  0.00000000e+00+0.j 0.00000000e+00+0.j 5.79561043e-02+0.j]]"
45,0.4545454545454546,0.3746043710553358,0.3748268060909754,0.23773586740837752,0.03911760298808064,,"[[5.59654822e-02+0.j 0.00000000e+00+0.j 0.00000000e+00+0.j ...
  0.00000000e+00+0.j 0.00000000e+00+0.j 1.35866164e-06+0.j]
 [0.00000000e+00+0.j 2.07732139e-02+0.j 0.00000000e+00+0.j ...
  0.00000000e+00+0.j 0.00000000e+00+0.j 0.00000000e+00+0.j]
 [0.00000000e+00+0.j 0.00000000e+00+0.j 2.07732139e-02+0.j ...
  0.00000000e+00+0.j 0.00000000e+00+0.j 0.00000000e+00+0.j]
 ...
 [0.00000000e+00+0.j 0.00000000e+00+0.j 0.00000000e+00+0.j ...
  2.07732139e-02+0.j 0.00000000e+00+0.j 0.00000000e+00+0.j]
 [0.00000000e+00+0.j 0.00000000e+00+0.j 0.00000000e+00+0.j ...
  0.00000000e+00+0.j 2.07732139e-02+0.j 0.00000000e+00+0.j]
 [1.35866164e-06+0.j 0.00000000e+00+0.j 0.00000000e+00+0.j ...
  0.00000000e+00+0.j 0.00000000e+00+0.j 5.59654822e-02+0.j]]"
46,0.4646464646464647,0.36992804931081547,0.3701425576678398,0.2334431702583292,0.036510110116636164,,"[[5.40452198e-02+0.j 0.00000000e+00+0.j 0.00000000e+00+0.j ...
  0.00000000e+00+0.j 0.00000000e+00+0.j 9.34874919e-07+0.j]
 [0.00000000e+00+0.j 2.07309731e-02+0.j 0.00000000e+00+0.j ...
  0.00000000e+00+0.j 0.00000000e+00+0.j 0.00000000e+00+0.j]
 [0.00000000e+00+0.j 0.00000000e+00+0.j 2.07309731e-02+0.j ...
  0.00000000e+00+0.j 0.00000000e+00+0.j 0.00000000e+00+0.j]
 ...
 [0.00000000e+00+0.j 0.00000000e+00+0.j 0.00000000e+00+0.j ...
  2.07309731e-02+0.j 0.00000000e+00+0.j 0.00000000e+00+0.j]
 [0.00000000e+00+0.j 0.00000000e+00+0.j 0.00000000e+00+0.j ...
  0.00000000e+00+0.j 2.07309731e-02+0.j 0.00000000e+00+0.j]
 [9.34874919e-07+0.j 0.00000000e+00+0.j 0.00000000e+00+0.j ...
  0.00000000e+00+0.j 0.00000000e+00+0.j 5.40452198e-02+0.j]]"
47,0.4747474747474748,0.3653573721032083,0.3655640607805318,0.22925802640637225,0.03407214068293438,,"[[5.21934373e-02+0.j 0.00000000e+00+0.j 0.00000000e+00+0.j ...
  0.00000000e+00+0.j 0.00000000e+00+0.j 6.38708932e-07+0.j]
 [0.00000000e+00+0.j 2.06786593e-02+0.j 0.00000000e+00+0.j ...
  0.00000000e+00+0.j 0.00000000e+00+0.j 0.00000000e+00+0.j]
 [0.00000000e+00+0.j 0.00000000e+00+0.j 2.06786593e-02+0.j ...
  0.00000000e+00+0.j 0.00000000e+00+0.j 0.00000000e+00+0.j]
 ...
 [0.00000000e+00+0.j 0.00000000e+00+0.j 0.00000000e+00+0.j ...
  2.06786593e-02+0.j 0.00000000e+00+0.j 0.00000000e+00+0.j]
 [0.00000000e+00+0.j 0.00000000e+00+0.j 0.00000000e+00+0.j ...
  0.00000000e+00+0.j 2.06786593e-02+0.j 0.00000000e+00+0.j]
 [6.38708932e-07+0.j 0.00000000e+00+0.j 0.00000000e+00+0.j ...
  0.00000000e+00+0.j 0.00000000e+00+0.j 5.21934373e-02+0.j]]"
48,0.48484848484848486,0.360889412432472,0.3610883950354244,0.22517605163142992,0.03179219025945731,,"[[5.04082903e-02+0.j 0.00000000e+00+0.j 0.00000000e+00+0.j ...
  0.00000000e+00+0.j 0.00000000e+00+0.j 4.33151316e-07+0.j]
 [0.00000000e+00+0.j 2.06168876e-02+0.j 0.00000000e+00+0.j ...
  0.00000000e+00+0.j 0.00000000e+00+0.j 0.00000000e+00+0.j]
 [0.00000000e+00+0.j 0.00000000e+00+0.j 2.06168876e-02+0.j ...
  0.00000000e+00+0.j 0.00000000e+00+0.j 0.00000000e+00+0.j]
 ...
 [0.00000000e+00+0.j 0.00000000e+00+0.j 0.00000000e+00+0.j ...
  2.06168876e-02+0.j 0.00000000e+00+0.j 0.00000000e+00+0.j]
 [0.00000000e+00+0.j 0.00000000e+00+0.j 0.00000000e+00+0.j ...
  0.00000000e+00+0.j 2.06168876e-02+0.j 0.00000000e+00+0.j]
 [4.33151316e-07+0.j 0.00000000e+00+0.j 0.00000000e+00+0.j ...
  0.00000000e+00+0.j 0.00000000e+00+0.j 5.04082903e-02+0.j]]"
49,0.494949494949495,0.3565216117686445,0.3567130076775979,0.22119341067962978,0.029659627022843856,,"[[4.86879692e-02+0.j 0.00000000e+00+0.j 0.00000000e+00+0.j ...
  0.00000000e+00+0.j 0.00000000e+00+0.j 2.91498419e-07+0.j]
 [0.00000000e+00+0.j 2.05462611e-02+0.j 0.00000000e+00+0.j ...
  0.00000000e+00+0.j 0.00000000e+00+0.j 0.00000000e+00+0.j]
 [0.00000000e+00+0.j 0.00000000e+00+0.j 2.05462611e-02+0.j ...
  0.00000000e+00+0.j 0.00000000e+00+0.j 0.00000000e+00+0.j]
 ...
 [0.00000000e+00+0.j 0.00000000e+00+0.j 0.00000000e+00+0.j ...
  2.05462611e-02+0.j 0.00000000e+00+0.j 0.00000000e+00+0.j]
 [0.00000000e+00+0.j 0.00000000e+00+0.j 0.00000000e+00+0.j ...
  0.00000000e+00+0.j 2.05462611e-02+0.j 0.00000000e+00+0.j]
 [2.91498419e-07+0.j 0.00000000e+00+0.j 0.00000000e+00+0.j ...
  0.00000000e+00+0.j 0.00000000e+00+0.j 4.86879692e-02+0.j]]"
50,0.5050505050505051,0.35225173955238415,0.3524356731829264,0.21730676841447716,0.02766462410832508,,"[[4.70306997e-02+0.j 0.00000000e+00+0.j 0.00000000e+00+0.j ...
  0.00000000e+00+0.j 0.00000000e+00+0.j 1.94606668e-07+0.j]
 [0.00000000e+00+0.j 2.04673711e-02+0.j 0.00000000e+00+0.j ...
  0.00000000e+00+0.j 0.00000000e+00+0.j 0.00000000e+00+0.j]
 [0.00000000e+00+0.j 0.00000000e+00+0.j 2.04673711e-02+0.j ...
  0.00000000e+00+0.j 0.00000000e+00+0.j 0.00000000e+00+0.j]
 ...
 [0.00000000e+00+0.j 0.00000000e+00+0.j 0.00000000e+00+0.j ...
  2.04673711e-02+0.j 0.00000000e+00+0.j 0.00000000e+00+0.j]
 [0.00000000e+00+0.j 0.00000000e+00+0.j 0.00000000e+00+0.j ...
  0.00000000e+00+0.j 2.04673711e-02+0.j 0.00000000e+00+0.j]
 [1.94606668e-07+0.j 0.00000000e+00+0.j 0.00000000e+00+0.j ...
  0.00000000e+00+0.j 0.00000000e+00+0.j 4.70306997e-02+0.j]]"
51,0.5151515151515152,0.34807785647537526,0.348254456619814,0.21351321705854837,0.025798087375709308,,"[[4.54347428e-02+0.j 0.00000000e+00+0.j 0.00000000e+00+0.j ...
  0.00000000e+00+0.j 0.00000000e+00+0.j 1.28843011e-07+0.j]
 [0.00000000e+00+0.j 2.03807974e-02+0.j 0.00000000e+00+0.j ...
  0.00000000e+00+0.j 0.00000000e+00+0.j 0.00000000e+00+0.j]
 [0.00000000e+00+0.j 0.00000000e+00+0.j 2.03807974e-02+0.j ...
  0.00000000e+00+0.j 0.00000000e+00+0.j 0.00000000e+00+0.j]
 ...
 [0.00000000e+00+0.j 0.00000000e+00+0.j 0.00000000e+00+0.j ...
  2.03807974e-02+0.j 0.00000000e+00+0.j 0.00000000e+00+0.j]
 [0.00000000e+00+0.j 0.00000000e+00+0.j 0.00000000e+00+0.j ...
  0.00000000e+00+0.j 2.03807974e-02+0.j 0.00000000e+00+0.j]
 [1.28843011e-07+0.j 0.00000000e+00+0.j 0.00000000e+00+0.j ...
  0.00000000e+00+0.j 0.00000000e+00+0.j 4.54347428e-02+0.j]]"
52,0.5252525252525253,0.34399828125304505,0.34416768049947133,0.20981023828906067,0.024051594172699003,,"[[4.38983944e-02+0.j 0.00000000e+00+0.j 0.00000000e+00+0.j ...
  0.00000000e+00+0.j 0.00000000e+00+0.j 8.45655106e-08+0.j]
 [0.00000000e+00+0.j 2.02871080e-02+0.j 0.00000000e+00+0.j ...
  0.00000000e+00+0.j 0.00000000e+00+0.j 0.00000000e+00+0.j]
 [0.00000000e+00+0.j 0.00000000e+00+0.j 2.02871080e-02+0.j ...
  0.00000000e+00+0.j 0.00000000e+00+0.j 0.00000000e+00+0.j]
 ...
 [0.00000000e+00+0.j 0.00000000e+00+0.j 0.00000000e+00+0.j ...
  2.02871080e-02+0.j 0.00000000e+00+0.j 0.00000000e+00+0.j]
 [0.00000000e+00+0.j 0.00000000e+00+0.j 0.00000000e+00+0.j ...
  0.00000000e+00+0.j 2.02871080e-02+0.j 0.00000000e+00+0.j]
 [8.45655106e-08+0.j 0.00000000e+00+0.j 0.00000000e+00+0.j ...
  0.00000000e+00+0.j 0.00000000e+00+0.j 4.38983944e-02+0.j]]"
53,0.5353535353535354,0.34001156061904064,0.34017389483497584,0.20619565532029668,0.022417341847601,,"[[4.24199856e-02+0.j 0.00000000e+00+0.j 0.00000000e+00+0.j ...
  0.00000000e+00+0.j 0.00000000e+00+0.j 5.50038071e-08+0.j]
 [0.00000000e+00+0.j 2.01868592e-02+0.j 0.00000000e+00+0.j ...
  0.00000000e+00+0.j 0.00000000e+00+0.j 0.00000000e+00+0.j]
 [0.00000000e+00+0.j 0.00000000e+00+0.j 2.01868592e-02+0.j ...
  0.00000000e+00+0.j 0.00000000e+00+0.j 0.00000000e+00+0.j]
 ...
 [0.00000000e+00+0.j 0.00000000e+00+0.j 0.00000000e+00+0.j ...
  2.01868592e-02+0.j 0.00000000e+00+0.j 0.00000000e+00+0.j]
 [0.00000000e+00+0.j 0.00000000e+00+0.j 0.00000000e+00+0.j ...
  0.00000000e+00+0.j 2.01868592e-02+0.j 0.00000000e+00+0.j]
 [5.50038071e-08+0.j 0.00000000e+00+0.j 0.00000000e+00+0.j ...
  0.00000000e+00+0.j 0.00000000e+00+0.j 4.24199856e-02+0.j]]"
54,0.5454545454545455,0.3361164422842402,0.3362718501657181,0.20266759522275857,0.02088808959772786,,"[[4.09978827e-02+0.j 0.00000000e+00+0.j 0.00000000e+00+0.j ...
  0.00000000e+00+0.j 0.00000000e+00+0.j 3.54394026e-08+0.j]
 [0.00000000e+00+0.j 2.00805956e-02+0.j 0.00000000e+00+0.j ...
  0.00000000e+00+0.j 0.00000000e+00+0.j 0.00000000e+00+0.j]
 [0.00000000e+00+0.j 0.00000000e+00+0.j 2.00805956e-02+0.j ...
  0.00000000e+00+0.j 0.00000000e+00+0.j 0.00000000e+00+0.j]
 ...
 [0.00000000e+00+0.j 0.00000000e+00+0.j 0.00000000e+00+0.j ...
  2.00805956e-02+0.j 0.00000000e+00+0.j 0.00000000e+00+0.j]
 [0.00000000e+00+0.j 0.00000000e+00+0.j 0.00000000e+00+0.j ...
  0.00000000e+00+0.j 2.00805956e-02+0.j 0.00000000e+00+0.j]
 [3.54394026e-08+0.j 0.00000000e+00+0.j 0.00000000e+00+0.j ...
  0.00000000e+00+0.j 0.00000000e+00+0.j 4.09978827e-02+0.j]]"
55,0.5555555555555556,0.33231185062622437,0.33246047329404055,0.19922443840398502,0.01945711730133622,,"[[3.96304870e-02+0.j 0.00000000e+00+0.j 0.00000000e+00+0.j ...
  0.00000000e+00+0.j 0.00000000e+00+0.j 2.26094317e-08+0.j]
 [0.00000000e+00+0.j 1.99688500e-02+0.j 0.00000000e+00+0.j ...
  0.00000000e+00+0.j 0.00000000e+00+0.j 0.00000000e+00+0.j]
 [0.00000000e+00+0.j 0.00000000e+00+0.j 1.99688500e-02+0.j ...
  0.00000000e+00+0.j 0.00000000e+00+0.j 0.00000000e+00+0.j]
 ...
 [0.00000000e+00+0.j 0.00000000e+00+0.j 0.00000000e+00+0.j ...
  1.99688500e-02+0.j 0.00000000e+00+0.j 0.00000000e+00+0.j]
 [0.00000000e+00+0.j 0.00000000e+00+0.j 0.00000000e+00+0.j ...
  0.00000000e+00+0.j 1.99688500e-02+0.j 0.00000000e+00+0.j]
 [2.26094317e-08+0.j 0.00000000e+00+0.j 0.00000000e+00+0.j ...
  0.00000000e+00+0.j 0.00000000e+00+0.j 3.96304870e-02+0.j]]"
56,0.5656565656565657,0.32859686487680034,0.32873884553337024,0.19586481414488247,0.018118178813185535,,"[[3.83162350e-02+0.j 0.00000000e+00+0.j 0.00000000e+00+0.j ...
  0.00000000e+00+0.j 0.00000000e+00+0.j 1.42759569e-08+0.j]
 [0.00000000e+00+0.j 1.98521437e-02+0.j 0.00000000e+00+0.j ...
  0.00000000e+00+0.j 0.00000000e+00+0.j 0.00000000e+00+0.j]
 [0.00000000e+00+0.j 0.00000000e+00+0.j 1.98521437e-02+0.j ...
  0.00000000e+00+0.j 0.00000000e+00+0.j 0.00000000e+00+0.j]
 ...
 [0.00000000e+00+0.j 0.00000000e+00+0.j 0.00000000e+00+0.j ...
  1.98521437e-02+0.j 0.00000000e+00+0.j 0.00000000e+00+0.j]
 [0.00000000e+00+0.j 0.00000000e+00+0.j 0.00000000e+00+0.j ...
  0.00000000e+00+0.j 1.98521437e-02+0.j 0.00000000e+00+0.j]
 [1.42759569e-08+0.j 0.00000000e+00+0.j 0.00000000e+00+0.j ...
  0.00000000e+00+0.j 0.00000000e+00+0.j 3.83162350e-02+0.j]]"
57,0.5757575757575758,0.3249706996057392,0.3251061832241567,0.19258754590860094,0.01686546452891587,,"[[3.70535985e-02+0.j 0.00000000e+00+0.j 0.00000000e+00+0.j ...
  0.00000000e+00+0.j 0.00000000e+00+0.j 8.91706484e-09+0.j]
 [0.00000000e+00+0.j 1.97309860e-02+0.j 0.00000000e+00+0.j ...
  0.00000000e+00+0.j 0.00000000e+00+0.j 0.00000000e+00+0.j]
 [0.00000000e+00+0.j 0.00000000e+00+0.j 1.97309860e-02+0.j ...
  0.00000000e+00+0.j 0.00000000e+00+0.j 0.00000000e+00+0.j]
 ...
 [0.00000000e+00+0.j 0.00000000e+00+0.j 0.00000000e+00+0.j ...
  1.97309860e-02+0.j 0.00000000e+00+0.j 0.00000000e+00+0.j]
 [0.00000000e+00+0.j 0.00000000e+00+0.j 0.00000000e+00+0.j ...
  0.00000000e+00+0.j 1.97309860e-02+0.j 0.00000000e+00+0.j]
 [8.91706484e-09+0.j 0.00000000e+00+0.j 0.00000000e+00+0.j ...
  0.00000000e+00+0.j 0.00000000e+00+0.j 3.70535985e-02+0.j]]"
58,0.5858585858585859,0.3214326872952623,0.32156182035640307,0.18939162559804593,0.015693565723907853,,"[[3.58410842e-02+0.j 0.00000000e+00+0.j 0.00000000e+00+0.j ...
  0.00000000e+00+0.j 0.00000000e+00+0.j 5.50697685e-09+0.j]
 [0.00000000e+00+0.j 1.96058747e-02+0.j 0.00000000e+00+0.j ...
  0.00000000e+00+0.j 0.00000000e+00+0.j 0.00000000e+00+0.j]
 [0.00000000e+00+0.j 0.00000000e+00+0.j 1.96058747e-02+0.j ...
  0.00000000e+00+0.j 0.00000000e+00+0.j 0.00000000e+00+0.j]
 ...
 [0.00000000e+00+0.j 0.00000000e+00+0.j 0.00000000e+00+0.j ...
  1.96058747e-02+0.j 0.00000000e+00+0.j 0.00000000e+00+0.j]
 [0.00000000e+00+0.j 0.00000000e+00+0.j 0.00000000e+00+0.j ...
  0.00000000e+00+0.j 1.96058747e-02+0.j 0.00000000e+00+0.j]
 [5.50697685e-09+0.j 0.00000000e+00+0.j 0.00000000e+00+0.j ...
  0.00000000e+00+0.j 0.00000000e+00+0.j 3.58410842e-02+0.j]]"
59,0.595959595959596,0.3179822628297059,0.3181051930894893,0.18627621499479166,0.014597440950599666,,"[[3.46772340e-02+0.j 0.00000000e+00+0.j 0.00000000e+00+0.j ...
  0.00000000e+00+0.j 0.00000000e+00+0.j 3.36074796e-09+0.j]
 [0.00000000e+00+0.j 1.94772958e-02+0.j 0.00000000e+00+0.j ...
  0.00000000e+00+0.j 0.00000000e+00+0.j 0.00000000e+00+0.j]
 [0.00000000e+00+0.j 0.00000000e+00+0.j 1.94772958e-02+0.j ...
  0.00000000e+00+0.j 0.00000000e+00+0.j 0.00000000e+00+0.j]
 ...
 [0.00000000e+00+0.j 0.00000000e+00+0.j 0.00000000e+00+0.j ...
  1.94772958e-02+0.j 0.00000000e+00+0.j 0.00000000e+00+0.j]
 [0.00000000e+00+0.j 0.00000000e+00+0.j 0.00000000e+00+0.j ...
  0.00000000e+00+0.j 1.94772958e-02+0.j 0.00000000e+00+0.j]
 [3.36074796e-09+0.j 0.00000000e+00+0.j 0.00000000e+00+0.j ...
  0.00000000e+00+0.j 0.00000000e+00+0.j 3.46772340e-02+0.j]]"
60,0.6060606060606061,0.3146189497212394,0.31473582601147526,0.1832405976349606,0.013572388399648713,,"[[3.35606250e-02+0.j 0.00000000e+00+0.j 0.00000000e+00+0.j ...
  0.00000000e+00+0.j 0.00000000e+00+0.j 2.02548139e-09+0.j]
 [0.00000000e+00+0.j 1.93457237e-02+0.j 0.00000000e+00+0.j ...
  0.00000000e+00+0.j 0.00000000e+00+0.j 0.00000000e+00+0.j]
 [0.00000000e+00+0.j 0.00000000e+00+0.j 1.93457237e-02+0.j ...
  0.00000000e+00+0.j 0.00000000e+00+0.j 0.00000000e+00+0.j]
 ...
 [0.00000000e+00+0.j 0.00000000e+00+0.j 0.00000000e+00+0.j ...
  1.93457237e-02+0.j 0.00000000e+00+0.j 0.00000000e+00+0.j]
 [0.00000000e+00+0.j 0.00000000e+00+0.j 0.00000000e+00+0.j ...
  0.00000000e+00+0.j 1.93457237e-02+0.j 0.00000000e+00+0.j]
 [2.02548139e-09+0.j 0.00000000e+00+0.j 0.00000000e+00+0.j ...
  0.00000000e+00+0.j 0.00000000e+00+0.j 3.35606250e-02+0.j]]"
61,0.6161616161616162,0.31134234791807563,0.3114533199731185,0.1802841780553534,0.012614018239119626,,"[[3.24898694e-02+0.j 0.00000000e+00+0.j 0.00000000e+00+0.j ...
  0.00000000e+00+0.j 0.00000000e+00+0.j 1.20478083e-09+0.j]
 [0.00000000e+00+0.j 1.92116209e-02+0.j 0.00000000e+00+0.j ...
  0.00000000e+00+0.j 0.00000000e+00+0.j 0.00000000e+00+0.j]
 [0.00000000e+00+0.j 0.00000000e+00+0.j 1.92116209e-02+0.j ...
  0.00000000e+00+0.j 0.00000000e+00+0.j 0.00000000e+00+0.j]
 ...
 [0.00000000e+00+0.j 0.00000000e+00+0.j 0.00000000e+00+0.j ...
  1.92116209e-02+0.j 0.00000000e+00+0.j 0.00000000e+00+0.j]
 [0.00000000e+00+0.j 0.00000000e+00+0.j 0.00000000e+00+0.j ...
  0.00000000e+00+0.j 1.92116209e-02+0.j 0.00000000e+00+0.j]
 [1.20478083e-09+0.j 0.00000000e+00+0.j 0.00000000e+00+0.j ...
  0.00000000e+00+0.j 0.00000000e+00+0.j 3.24898694e-02+0.j]]"
62,0.6262626262626263,0.30815212304185063,0.30825734135127825,0.17740644675331144,0.011718227789930346,,"[[3.14636144e-02+0.j 0.00000000e+00+0.j 0.00000000e+00+0.j ...
  0.00000000e+00+0.j 0.00000000e+00+0.j 7.06757780e-10+0.j]
 [0.00000000e+00+0.j 1.90754384e-02+0.j 0.00000000e+00+0.j ...
  0.00000000e+00+0.j 0.00000000e+00+0.j 0.00000000e+00+0.j]
 [0.00000000e+00+0.j 0.00000000e+00+0.j 1.90754384e-02+0.j ...
  0.00000000e+00+0.j 0.00000000e+00+0.j 0.00000000e+00+0.j]
 ...
 [0.00000000e+00+0.j 0.00000000e+00+0.j 0.00000000e+00+0.j ...
  1.90754384e-02+0.j 0.00000000e+00+0.j 0.00000000e+00+0.j]
 [0.00000000e+00+0.j 0.00000000e+00+0.j 0.00000000e+00+0.j ...
  0.00000000e+00+0.j 1.90754384e-02+0.j 0.00000000e+00+0.j]
 [7.06757780e-10+0.j 0.00000000e+00+0.j 0.00000000e+00+0.j ...
  0.00000000e+00+0.j 0.00000000e+00+0.j 3.14636144e-02+0.j]]"
63,0.6363636363636365,0.3050479969203674,0.3051476126012104,0.1746069930494796,0.01088118011933065,,"[[3.04805427e-02+0.j 0.00000000e+00+0.j 0.00000000e+00+0.j ...
  0.00000000e+00+0.j 0.00000000e+00+0.j 4.08588494e-10+0.j]
 [0.00000000e+00+0.j 1.89376153e-02+0.j 0.00000000e+00+0.j ...
  0.00000000e+00+0.j 0.00000000e+00+0.j 0.00000000e+00+0.j]
 [0.00000000e+00+0.j 0.00000000e+00+0.j 1.89376153e-02+0.j ...
  0.00000000e+00+0.j 0.00000000e+00+0.j 0.00000000e+00+0.j]
 ...
 [0.00000000e+00+0.j 0.00000000e+00+0.j 0.00000000e+00+0.j ...
  1.89376153e-02+0.j 0.00000000e+00+0.j 0.00000000e+00+0.j]
 [0.00000000e+00+0.j 0.00000000e+00+0.j 0.00000000e+00+0.j ...
  0.00000000e+00+0.j 1.89376153e-02+0.j 0.00000000e+00+0.j]
 [4.08588494e-10+0.j 0.00000000e+00+0.j 0.00000000e+00+0.j ...
  0.00000000e+00+0.j 0.00000000e+00+0.j 3.04805427e-02+0.j]]"
64,0.6464646464646465,0.3020297392856822,0.3021239039753768,0.1718854683311112,0.010099283822019212,,"[[2.95393716e-02+0.j 0.00000000e+00+0.j 0.00000000e+00+0.j ...
  0.00000000e+00+0.j 0.00000000e+00+0.j 2.32593195e-10+0.j]
 [0.00000000e+00+0.j 1.87985790e-02+0.j 0.00000000e+00+0.j ...
  0.00000000e+00+0.j 0.00000000e+00+0.j 0.00000000e+00+0.j]
 [0.00000000e+00+0.j 0.00000000e+00+0.j 1.87985790e-02+0.j ...
  0.00000000e+00+0.j 0.00000000e+00+0.j 0.00000000e+00+0.j]
 ...
 [0.00000000e+00+0.j 0.00000000e+00+0.j 0.00000000e+00+0.j ...
  1.87985790e-02+0.j 0.00000000e+00+0.j 0.00000000e+00+0.j]
 [0.00000000e+00+0.j 0.00000000e+00+0.j 0.00000000e+00+0.j ...
  0.00000000e+00+0.j 1.87985790e-02+0.j 0.00000000e+00+0.j]
 [2.32593195e-10+0.j 0.00000000e+00+0.j 0.00000000e+00+0.j ...
  0.00000000e+00+0.j 0.00000000e+00+0.j 2.95393716e-02+0.j]]"
65,0.6565656565656566,0.29909716052099816,0.2991860262842136,0.16924159378858877,0.009369174851988871,,"[[2.86388540e-02+0.j 0.00000000e+00+0.j 0.00000000e+00+0.j ...
  0.00000000e+00+0.j 0.00000000e+00+0.j 1.30261015e-10+0.j]
 [0.00000000e+00+0.j 1.86587454e-02+0.j 0.00000000e+00+0.j ...
  0.00000000e+00+0.j 0.00000000e+00+0.j 0.00000000e+00+0.j]
 [0.00000000e+00+0.j 0.00000000e+00+0.j 1.86587454e-02+0.j ...
  0.00000000e+00+0.j 0.00000000e+00+0.j 0.00000000e+00+0.j]
 ...
 [0.00000000e+00+0.j 0.00000000e+00+0.j 0.00000000e+00+0.j ...
  1.86587454e-02+0.j 0.00000000e+00+0.j 0.00000000e+00+0.j]
 [0.00000000e+00+0.j 0.00000000e+00+0.j 0.00000000e+00+0.j ...
  0.00000000e+00+0.j 1.86587454e-02+0.j 0.00000000e+00+0.j]
 [1.30261015e-10+0.j 0.00000000e+00+0.j 0.00000000e+00+0.j ...
  0.00000000e+00+0.j 0.00000000e+00+0.j 2.86388540e-02+0.j]]"
66,0.6666666666666667,0.2962501053455977,0.2963338245978963,0.16667513421057092,0.008687700045724738,,"[[2.77777778e-02+0.j 0.00000000e+00+0.j 0.00000000e+00+0.j ...
  0.00000000e+00+0.j 0.00000000e+00+0.j 7.16992998e-11+0.j]
 [0.00000000e+00+0.j 1.85185185e-02+0.j 0.00000000e+00+0.j ...
  0.00000000e+00+0.j 0.00000000e+00+0.j 0.00000000e+00+0.j]
 [0.00000000e+00+0.j 0.00000000e+00+0.j 1.85185185e-02+0.j ...
  0.00000000e+00+0.j 0.00000000e+00+0.j 0.00000000e+00+0.j]
 ...
 [0.00000000e+00+0.j 0.00000000e+00+0.j 0.00000000e+00+0.j ...
  1.85185185e-02+0.j 0.00000000e+00+0.j 0.00000000e+00+0.j]
 [0.00000000e+00+0.j 0.00000000e+00+0.j 0.00000000e+00+0.j ...
  0.00000000e+00+0.j 1.85185185e-02+0.j 0.00000000e+00+0.j]
 [7.16992998e-11+0.j 0.00000000e+00+0.j 0.00000000e+00+0.j ...
  0.00000000e+00+0.j 0.00000000e+00+0.j 2.77777778e-02+0.j]]"
67,0.6767676767676768,0.2934884473410105,0.2935671727831959,0.16418590023494345,0.008051902179844467,,"[[2.69549659e-02+0.j 0.00000000e+00+0.j 0.00000000e+00+0.j ...
  0.00000000e+00+0.j 0.00000000e+00+0.j 3.87467859e-11+0.j]
 [0.00000000e+00+0.j 1.83782906e-02+0.j 0.00000000e+00+0.j ...
  0.00000000e+00+0.j 0.00000000e+00+0.j 0.00000000e+00+0.j]
 [0.00000000e+00+0.j 0.00000000e+00+0.j 1.83782906e-02+0.j ...
  0.00000000e+00+0.j 0.00000000e+00+0.j 0.00000000e+00+0.j]
 ...
 [0.00000000e+00+0.j 0.00000000e+00+0.j 0.00000000e+00+0.j ...
  1.83782906e-02+0.j 0.00000000e+00+0.j 0.00000000e+00+0.j]
 [0.00000000e+00+0.j 0.00000000e+00+0.j 0.00000000e+00+0.j ...
  0.00000000e+00+0.j 1.83782906e-02+0.j 0.00000000e+00+0.j]
 [3.87467859e-11+0.j 0.00000000e+00+0.j 0.00000000e+00+0.j ...
  0.00000000e+00+0.j 0.00000000e+00+0.j 2.69549659e-02+0.j]]"
68,0.686868686868687,0.2908120842244533,0.2908859687881328,0.16177373865084285,0.007459006418779343,,"[[2.61692764e-02+0.j 0.00000000e+00+0.j 0.00000000e+00+0.j ...
  0.00000000e+00+0.j 0.00000000e+00+0.j 2.05338315e-11+0.j]
 [0.00000000e+00+0.j 1.82384424e-02+0.j 0.00000000e+00+0.j ...
  0.00000000e+00+0.j 0.00000000e+00+0.j 0.00000000e+00+0.j]
 [0.00000000e+00+0.j 0.00000000e+00+0.j 1.82384424e-02+0.j ...
  0.00000000e+00+0.j 0.00000000e+00+0.j 0.00000000e+00+0.j]
 ...
 [0.00000000e+00+0.j 0.00000000e+00+0.j 0.00000000e+00+0.j ...
  1.82384424e-02+0.j 0.00000000e+00+0.j 0.00000000e+00+0.j]
 [0.00000000e+00+0.j 0.00000000e+00+0.j 0.00000000e+00+0.j ...
  0.00000000e+00+0.j 1.82384424e-02+0.j 0.00000000e+00+0.j]
 [2.05338315e-11+0.j 0.00000000e+00+0.j 0.00000000e+00+0.j ...
  0.00000000e+00+0.j 0.00000000e+00+0.j 2.61692764e-02+0.j]]"
69,0.696969696969697,0.2882209337846816,0.2882901305870619,0.1594385263127189,0.006906408019913831,,"[[2.54196027e-02+0.j 0.00000000e+00+0.j 0.00000000e+00+0.j ...
  0.00000000e+00+0.j 0.00000000e+00+0.j 1.06576440e-11+0.j]
 [0.00000000e+00+0.j 1.80993427e-02+0.j 0.00000000e+00+0.j ...
  0.00000000e+00+0.j 0.00000000e+00+0.j 0.00000000e+00+0.j]
 [0.00000000e+00+0.j 0.00000000e+00+0.j 1.80993427e-02+0.j ...
  0.00000000e+00+0.j 0.00000000e+00+0.j 0.00000000e+00+0.j]
 ...
 [0.00000000e+00+0.j 0.00000000e+00+0.j 0.00000000e+00+0.j ...
  1.80993427e-02+0.j 0.00000000e+00+0.j 0.00000000e+00+0.j]
 [0.00000000e+00+0.j 0.00000000e+00+0.j 0.00000000e+00+0.j ...
  0.00000000e+00+0.j 1.80993427e-02+0.j 0.00000000e+00+0.j]
 [1.06576440e-11+0.j 0.00000000e+00+0.j 0.00000000e+00+0.j ...
  0.00000000e+00+0.j 0.00000000e+00+0.j 2.54196027e-02+0.j]]"
70,0.7070707070707072,0.28571493040729995,0.28577959271374637,0.15718016493350276,0.006391661174744131,,"[[2.47048731e-02+0.j 0.00000000e+00+0.j 0.00000000e+00+0.j ...
  0.00000000e+00+0.j 0.00000000e+00+0.j 5.40998517e-12+0.j]
 [0.00000000e+00+0.j 1.79613488e-02+0.j 0.00000000e+00+0.j ...
  0.00000000e+00+0.j 0.00000000e+00+0.j 0.00000000e+00+0.j]
 [0.00000000e+00+0.j 0.00000000e+00+0.j 1.79613488e-02+0.j ...
  0.00000000e+00+0.j 0.00000000e+00+0.j 0.00000000e+00+0.j]
 ...
 [0.00000000e+00+0.j 0.00000000e+00+0.j 0.00000000e+00+0.j ...
  1.79613488e-02+0.j 0.00000000e+00+0.j 0.00000000e+00+0.j]
 [0.00000000e+00+0.j 0.00000000e+00+0.j 0.00000000e+00+0.j ...
  0.00000000e+00+0.j 1.79613488e-02+0.j 0.00000000e+00+0.j]
 [5.40998517e-12+0.j 0.00000000e+00+0.j 0.00000000e+00+0.j ...
  0.00000000e+00+0.j 0.00000000e+00+0.j 2.47048731e-02+0.j]]"
71,0.7171717171717172,0.28329402211418814,0.2833543033071633,0.15499857665218542,0.005912468875107628,,"[[2.40240511e-02+0.j 0.00000000e+00+0.j 0.00000000e+00+0.j ...
  0.00000000e+00+0.j 0.00000000e+00+0.j 2.68161696e-12+0.j]
 [0.00000000e+00+0.j 1.78248061e-02+0.j 0.00000000e+00+0.j ...
  0.00000000e+00+0.j 0.00000000e+00+0.j 0.00000000e+00+0.j]
 [0.00000000e+00+0.j 0.00000000e+00+0.j 1.78248061e-02+0.j ...
  0.00000000e+00+0.j 0.00000000e+00+0.j 0.00000000e+00+0.j]
 ...
 [0.00000000e+00+0.j 0.00000000e+00+0.j 0.00000000e+00+0.j ...
  1.78248061e-02+0.j 0.00000000e+00+0.j 0.00000000e+00+0.j]
 [0.00000000e+00+0.j 0.00000000e+00+0.j 0.00000000e+00+0.j ...
  0.00000000e+00+0.j 1.78248061e-02+0.j 0.00000000e+00+0.j]
 [2.68161696e-12+0.j 0.00000000e+00+0.j 0.00000000e+00+0.j ...
  0.00000000e+00+0.j 0.00000000e+00+0.j 2.40240511e-02+0.j]]"
72,0.7272727272727273,0.28095816805865037,0.28101422161320105,0.1528937027305381,0.005466673703392011,,"[[2.33761355e-02+0.j 0.00000000e+00+0.j 0.00000000e+00+0.j ...
  0.00000000e+00+0.j 0.00000000e+00+0.j 1.29572071e-12+0.j]
 [0.00000000e+00+0.j 1.76900485e-02+0.j 0.00000000e+00+0.j ...
  0.00000000e+00+0.j 0.00000000e+00+0.j 0.00000000e+00+0.j]
 [0.00000000e+00+0.j 0.00000000e+00+0.j 1.76900485e-02+0.j ...
  0.00000000e+00+0.j 0.00000000e+00+0.j 0.00000000e+00+0.j]
 ...
 [0.00000000e+00+0.j 0.00000000e+00+0.j 0.00000000e+00+0.j ...
  1.76900485e-02+0.j 0.00000000e+00+0.j 0.00000000e+00+0.j]
 [0.00000000e+00+0.j 0.00000000e+00+0.j 0.00000000e+00+0.j ...
  0.00000000e+00+0.j 1.76900485e-02+0.j 0.00000000e+00+0.j]
 [1.29572071e-12+0.j 0.00000000e+00+0.j 0.00000000e+00+0.j ...
  0.00000000e+00+0.j 0.00000000e+00+0.j 2.33761355e-02+0.j]]"
73,0.7373737373737375,0.27870733641551626,0.2787593158785261,0.1508654881444859,0.005052249454877826,,"[[2.27601600e-02+0.j 0.00000000e+00+0.j 0.00000000e+00+0.j ...
  0.00000000e+00+0.j 0.00000000e+00+0.j 6.09120304e-13+0.j]
 [0.00000000e+00+0.j 1.75573979e-02+0.j 0.00000000e+00+0.j ...
  0.00000000e+00+0.j 0.00000000e+00+0.j 0.00000000e+00+0.j]
 [0.00000000e+00+0.j 0.00000000e+00+0.j 1.75573979e-02+0.j ...
  0.00000000e+00+0.j 0.00000000e+00+0.j 0.00000000e+00+0.j]
 ...
 [0.00000000e+00+0.j 0.00000000e+00+0.j 0.00000000e+00+0.j ...
  1.75573979e-02+0.j 0.00000000e+00+0.j 0.00000000e+00+0.j]
 [0.00000000e+00+0.j 0.00000000e+00+0.j 0.00000000e+00+0.j ...
  0.00000000e+00+0.j 1.75573979e-02+0.j 0.00000000e+00+0.j]
 [6.09120304e-13+0.j 0.00000000e+00+0.j 0.00000000e+00+0.j ...
  0.00000000e+00+0.j 0.00000000e+00+0.j 2.27601600e-02+0.j]]"
74,0.7474747474747475,0.27654150261667726,0.2765895615899398,0.14891390762555157,0.004667293509019283,,"[[2.21751936e-02+0.j 0.00000000e+00+0.j 0.00000000e+00+0.j ...
  0.00000000e+00+0.j 0.00000000e+00+0.j 2.77994555e-13+0.j]
 [0.00000000e+00+0.j 1.74271648e-02+0.j 0.00000000e+00+0.j ...
  0.00000000e+00+0.j 0.00000000e+00+0.j 0.00000000e+00+0.j]
 [0.00000000e+00+0.j 0.00000000e+00+0.j 1.74271648e-02+0.j ...
  0.00000000e+00+0.j 0.00000000e+00+0.j 0.00000000e+00+0.j]
 ...
 [0.00000000e+00+0.j 0.00000000e+00+0.j 0.00000000e+00+0.j ...
  1.74271648e-02+0.j 0.00000000e+00+0.j 0.00000000e+00+0.j]
 [0.00000000e+00+0.j 0.00000000e+00+0.j 0.00000000e+00+0.j ...
  0.00000000e+00+0.j 1.74271648e-02+0.j 0.00000000e+00+0.j]
 [2.77994555e-13+0.j 0.00000000e+00+0.j 0.00000000e+00+0.j ...
  0.00000000e+00+0.j 0.00000000e+00+0.j 2.21751936e-02+0.j]]"
75,0.7575757575757577,0.274460647882611,0.2745049400106057,0.14703891802737662,0.00431001987454688,,"[[2.16203403e-02+0.j 0.00000000e+00+0.j 0.00000000e+00+0.j ...
  0.00000000e+00+0.j 0.00000000e+00+0.j 1.22874270e-13+0.j]
 [0.00000000e+00+0.j 1.72996478e-02+0.j 0.00000000e+00+0.j ...
  0.00000000e+00+0.j 0.00000000e+00+0.j 0.00000000e+00+0.j]
 [0.00000000e+00+0.j 0.00000000e+00+0.j 1.72996478e-02+0.j ...
  0.00000000e+00+0.j 0.00000000e+00+0.j 0.00000000e+00+0.j]
 ...
 [0.00000000e+00+0.j 0.00000000e+00+0.j 0.00000000e+00+0.j ...
  1.72996478e-02+0.j 0.00000000e+00+0.j 0.00000000e+00+0.j]
 [0.00000000e+00+0.j 0.00000000e+00+0.j 0.00000000e+00+0.j ...
  0.00000000e+00+0.j 1.72996478e-02+0.j 0.00000000e+00+0.j]
 [1.22874270e-13+0.j 0.00000000e+00+0.j 0.00000000e+00+0.j ...
  0.00000000e+00+0.j 0.00000000e+00+0.j 2.16203403e-02+0.j]]"
76,0.7676767676767677,0.27246475801228687,0.27250543697180585,0.1452405106360516,0.003978752910661007,,"[[2.10947394e-02+0.j 0.00000000e+00+0.j 0.00000000e+00+0.j ...
  0.00000000e+00+0.j 0.00000000e+00+0.j 5.24557181e-14+0.j]
 [0.00000000e+00+0.j 1.71751338e-02+0.j 0.00000000e+00+0.j ...
  0.00000000e+00+0.j 0.00000000e+00+0.j 0.00000000e+00+0.j]
 [0.00000000e+00+0.j 0.00000000e+00+0.j 1.71751338e-02+0.j ...
  0.00000000e+00+0.j 0.00000000e+00+0.j 0.00000000e+00+0.j]
 ...
 [0.00000000e+00+0.j 0.00000000e+00+0.j 0.00000000e+00+0.j ...
  1.71751338e-02+0.j 0.00000000e+00+0.j 0.00000000e+00+0.j]
 [0.00000000e+00+0.j 0.00000000e+00+0.j 0.00000000e+00+0.j ...
  0.00000000e+00+0.j 1.71751338e-02+0.j 0.00000000e+00+0.j]
 [5.24557181e-14+0.j 0.00000000e+00+0.j 0.00000000e+00+0.j ...
  0.00000000e+00+0.j 0.00000000e+00+0.j 2.10947394e-02+0.j]]"
77,0.7777777777777778,0.2705538223904344,0.27059104188158095,0.14351866773217137,0.0036719211746963423,,"[[2.05975652e-02+0.j 0.00000000e+00+0.j 0.00000000e+00+0.j ...
  0.00000000e+00+0.j 0.00000000e+00+0.j 2.15620343e-14+0.j]
 [0.00000000e+00+0.j 1.70538980e-02+0.j 0.00000000e+00+0.j ...
  0.00000000e+00+0.j 0.00000000e+00+0.j 0.00000000e+00+0.j]
 [0.00000000e+00+0.j 0.00000000e+00+0.j 1.70538980e-02+0.j ...
  0.00000000e+00+0.j 0.00000000e+00+0.j 0.00000000e+00+0.j]
 ...
 [0.00000000e+00+0.j 0.00000000e+00+0.j 0.00000000e+00+0.j ...
  1.70538980e-02+0.j 0.00000000e+00+0.j 0.00000000e+00+0.j]
 [0.00000000e+00+0.j 0.00000000e+00+0.j 0.00000000e+00+0.j ...
  0.00000000e+00+0.j 1.70538980e-02+0.j 0.00000000e+00+0.j]
 [2.15620343e-14+0.j 0.00000000e+00+0.j 0.00000000e+00+0.j ...
  0.00000000e+00+0.j 0.00000000e+00+0.j 2.05975652e-02+0.j]]"
78,0.787878787878788,0.26872783318126187,0.26876174692275456,0.141873370453918,0.0033880528092079,,"[[2.01280271e-02+0.j 0.00000000e+00+0.j 0.00000000e+00+0.j ...
  0.00000000e+00+0.j 0.00000000e+00+0.j 8.50397572e-15+0.j]
 [0.00000000e+00+0.j 1.69362040e-02+0.j 0.00000000e+00+0.j ...
  0.00000000e+00+0.j 0.00000000e+00+0.j 0.00000000e+00+0.j]
 [0.00000000e+00+0.j 0.00000000e+00+0.j 1.69362040e-02+0.j ...
  0.00000000e+00+0.j 0.00000000e+00+0.j 0.00000000e+00+0.j]
 ...
 [0.00000000e+00+0.j 0.00000000e+00+0.j 0.00000000e+00+0.j ...
  1.69362040e-02+0.j 0.00000000e+00+0.j 0.00000000e+00+0.j]
 [0.00000000e+00+0.j 0.00000000e+00+0.j 0.00000000e+00+0.j ...
  0.00000000e+00+0.j 1.69362040e-02+0.j 0.00000000e+00+0.j]
 [8.50397572e-15+0.j 0.00000000e+00+0.j 0.00000000e+00+0.j ...
  0.00000000e+00+0.j 0.00000000e+00+0.j 2.01280271e-02+0.j]]"
79,0.797979797979798,0.2669867846806669,0.26701754640316744,0.14030461737234695,0.003125770037155818,,"[[1.96853698e-02+0.j 0.00000000e+00+0.j 0.00000000e+00+0.j ...
  0.00000000e+00+0.j 0.00000000e+00+0.j 3.20505901e-15+0.j]
 [0.00000000e+00+0.j 1.68223035e-02+0.j 0.00000000e+00+0.j ...
  0.00000000e+00+0.j 0.00000000e+00+0.j 0.00000000e+00+0.j]
 [0.00000000e+00+0.j 0.00000000e+00+0.j 1.68223035e-02+0.j ...
  0.00000000e+00+0.j 0.00000000e+00+0.j 0.00000000e+00+0.j]
 ...
 [0.00000000e+00+0.j 0.00000000e+00+0.j 0.00000000e+00+0.j ...
  1.68223035e-02+0.j 0.00000000e+00+0.j 0.00000000e+00+0.j]
 [0.00000000e+00+0.j 0.00000000e+00+0.j 0.00000000e+00+0.j ...
  0.00000000e+00+0.j 1.68223035e-02+0.j 0.00000000e+00+0.j]
 [3.20505901e-15+0.j 0.00000000e+00+0.j 0.00000000e+00+0.j ...
  0.00000000e+00+0.j 0.00000000e+00+0.j 1.96853698e-02+0.j]]"
80,0.8080808080808082,0.2653306727974209,0.2653584362414758,0.1388123999815316,0.002883784734244206,,"[[1.92688730e-02+0.j 0.00000000e+00+0.j 0.00000000e+00+0.j ...
  0.00000000e+00+0.j 0.00000000e+00+0.j 1.14896854e-15+0.j]
 [0.00000000e+00+0.j 1.67124367e-02+0.j 0.00000000e+00+0.j ...
  0.00000000e+00+0.j 0.00000000e+00+0.j 0.00000000e+00+0.j]
 [0.00000000e+00+0.j 0.00000000e+00+0.j 1.67124367e-02+0.j ...
  0.00000000e+00+0.j 0.00000000e+00+0.j 0.00000000e+00+0.j]
 ...
 [0.00000000e+00+0.j 0.00000000e+00+0.j 0.00000000e+00+0.j ...
  1.67124367e-02+0.j 0.00000000e+00+0.j 0.00000000e+00+0.j]
 [0.00000000e+00+0.j 0.00000000e+00+0.j 0.00000000e+00+0.j ...
  0.00000000e+00+0.j 1.67124367e-02+0.j 0.00000000e+00+0.j]
 [1.14896854e-15+0.j 0.00000000e+00+0.j 0.00000000e+00+0.j ...
  0.00000000e+00+0.j 0.00000000e+00+0.j 1.92688730e-02+0.j]]"
81,0.8181818181818182,0.26375949464604626,0.26378441355840954,0.1373967139546924,0.0026608949441012685,,"[[1.88778516e-02+0.j 0.00000000e+00+0.j 0.00000000e+00+0.j ...
  0.00000000e+00+0.j 0.00000000e+00+0.j 3.89660352e-16+0.j]
 [0.00000000e+00+0.j 1.66068318e-02+0.j 0.00000000e+00+0.j ...
  0.00000000e+00+0.j 0.00000000e+00+0.j 0.00000000e+00+0.j]
 [0.00000000e+00+0.j 0.00000000e+00+0.j 1.66068318e-02+0.j ...
  0.00000000e+00+0.j 0.00000000e+00+0.j 0.00000000e+00+0.j]
 ...
 [0.00000000e+00+0.j 0.00000000e+00+0.j 0.00000000e+00+0.j ...
  1.66068318e-02+0.j 0.00000000e+00+0.j 0.00000000e+00+0.j]
 [0.00000000e+00+0.j 0.00000000e+00+0.j 0.00000000e+00+0.j ...
  0.00000000e+00+0.j 1.66068318e-02+0.j 0.00000000e+00+0.j]
 [3.89660352e-16+0.j 0.00000000e+00+0.j 0.00000000e+00+0.j ...
  0.00000000e+00+0.j 0.00000000e+00+0.j 1.88778516e-02+0.j]]"
82,0.8282828282828284,0.262273248228179,0.26229547636015116,0.13605755860512037,0.0024559802026047814,,"[[1.85116556e-02+0.j 0.00000000e+00+0.j 0.00000000e+00+0.j ...
  0.00000000e+00+0.j 0.00000000e+00+0.j 1.24226584e-16+0.j]
 [0.00000000e+00+0.j 1.65057057e-02+0.j 0.00000000e+00+0.j ...
  0.00000000e+00+0.j 0.00000000e+00+0.j 0.00000000e+00+0.j]
 [0.00000000e+00+0.j 0.00000000e+00+0.j 1.65057057e-02+0.j ...
  0.00000000e+00+0.j 0.00000000e+00+0.j 0.00000000e+00+0.j]
 ...
 [0.00000000e+00+0.j 0.00000000e+00+0.j 0.00000000e+00+0.j ...
  1.65057057e-02+0.j 0.00000000e+00+0.j 0.00000000e+00+0.j]
 [0.00000000e+00+0.j 0.00000000e+00+0.j 0.00000000e+00+0.j ...
  0.00000000e+00+0.j 1.65057057e-02+0.j 0.00000000e+00+0.j]
 [1.24226584e-16+0.j 0.00000000e+00+0.j 0.00000000e+00+0.j ...
  0.00000000e+00+0.j 0.00000000e+00+0.j 1.85116556e-02+0.j]]"
83,0.8383838383838385,0.2608719321879274,0.2608916232935527,0.13479492496462864,0.0022679987388474015,,"[[1.81696702e-02+0.j 0.00000000e+00+0.j 0.00000000e+00+0.j ...
  0.00000000e+00+0.j 0.00000000e+00+0.j 3.69518146e-17+0.j]
 [0.00000000e+00+0.j 1.64092631e-02+0.j 0.00000000e+00+0.j ...
  0.00000000e+00+0.j 0.00000000e+00+0.j 0.00000000e+00+0.j]
 [0.00000000e+00+0.j 0.00000000e+00+0.j 1.64092631e-02+0.j ...
  0.00000000e+00+0.j 0.00000000e+00+0.j 0.00000000e+00+0.j]
 ...
 [0.00000000e+00+0.j 0.00000000e+00+0.j 0.00000000e+00+0.j ...
  1.64092631e-02+0.j 0.00000000e+00+0.j 0.00000000e+00+0.j]
 [0.00000000e+00+0.j 0.00000000e+00+0.j 0.00000000e+00+0.j ...
  0.00000000e+00+0.j 1.64092631e-02+0.j 0.00000000e+00+0.j]
 [3.69518146e-17+0.j 0.00000000e+00+0.j 0.00000000e+00+0.j ...
  0.00000000e+00+0.j 0.00000000e+00+0.j 1.81696702e-02+0.j]]"
84,0.8484848484848485,0.2595555456258325,0.25957285346194237,0.13360882090516527,0.0020959841902288305,,"[[1.78513156e-02+0.j 0.00000000e+00+0.j 0.00000000e+00+0.j ...
  0.00000000e+00+0.j 0.00000000e+00+0.j 1.01639214e-17+0.j]
 [0.00000000e+00+0.j 1.63176974e-02+0.j 0.00000000e+00+0.j ...
  0.00000000e+00+0.j 0.00000000e+00+0.j 0.00000000e+00+0.j]
 [0.00000000e+00+0.j 0.00000000e+00+0.j 1.63176974e-02+0.j ...
  0.00000000e+00+0.j 0.00000000e+00+0.j 0.00000000e+00+0.j]
 ...
 [0.00000000e+00+0.j 0.00000000e+00+0.j 0.00000000e+00+0.j ...
  1.63176974e-02+0.j 0.00000000e+00+0.j 0.00000000e+00+0.j]
 [0.00000000e+00+0.j 0.00000000e+00+0.j 0.00000000e+00+0.j ...
  0.00000000e+00+0.j 1.63176974e-02+0.j 0.00000000e+00+0.j]
 [1.01639214e-17+0.j 0.00000000e+00+0.j 0.00000000e+00+0.j ...
  0.00000000e+00+0.j 0.00000000e+00+0.j 1.78513156e-02+0.j]]"
85,0.8585858585858587,0.25832408796094125,0.2583391662850674,0.13249923637114605,0.0019390423398884273,,"[[1.75560472e-02+0.j 0.00000000e+00+0.j 0.00000000e+00+0.j ...
  0.00000000e+00+0.j 0.00000000e+00+0.j 2.55738922e-18+0.j]
 [0.00000000e+00+0.j 1.62311901e-02+0.j 0.00000000e+00+0.j ...
  0.00000000e+00+0.j 0.00000000e+00+0.j 0.00000000e+00+0.j]
 [0.00000000e+00+0.j 0.00000000e+00+0.j 1.62311901e-02+0.j ...
  0.00000000e+00+0.j 0.00000000e+00+0.j 0.00000000e+00+0.j]
 ...
 [0.00000000e+00+0.j 0.00000000e+00+0.j 0.00000000e+00+0.j ...
  1.62311901e-02+0.j 0.00000000e+00+0.j 0.00000000e+00+0.j]
 [0.00000000e+00+0.j 0.00000000e+00+0.j 0.00000000e+00+0.j ...
  0.00000000e+00+0.j 1.62311901e-02+0.j 0.00000000e+00+0.j]
 [2.55738922e-18+0.j 0.00000000e+00+0.j 0.00000000e+00+0.j ...
  0.00000000e+00+0.j 0.00000000e+00+0.j 1.75560472e-02+0.j]]"
86,0.8686868686868687,0.25717755882842286,0.25719056139905905,0.13146617768289176,0.0017963486796480697,,"[[1.72833557e-02+0.j 0.00000000e+00+0.j 0.00000000e+00+0.j ...
  0.00000000e+00+0.j 0.00000000e+00+0.j 5.80902389e-19+0.j]
 [0.00000000e+00+0.j 1.61499109e-02+0.j 0.00000000e+00+0.j ...
  0.00000000e+00+0.j 0.00000000e+00+0.j 0.00000000e+00+0.j]
 [0.00000000e+00+0.j 0.00000000e+00+0.j 1.61499109e-02+0.j ...
  0.00000000e+00+0.j 0.00000000e+00+0.j 0.00000000e+00+0.j]
 ...
 [0.00000000e+00+0.j 0.00000000e+00+0.j 0.00000000e+00+0.j ...
  1.61499109e-02+0.j 0.00000000e+00+0.j 0.00000000e+00+0.j]
 [0.00000000e+00+0.j 0.00000000e+00+0.j 0.00000000e+00+0.j ...
  0.00000000e+00+0.j 1.61499109e-02+0.j 0.00000000e+00+0.j]
 [5.80902389e-19+0.j 0.00000000e+00+0.j 0.00000000e+00+0.j ...
  0.00000000e+00+0.j 0.00000000e+00+0.j 1.72833557e-02+0.j]]"
87,0.8787878787878789,0.2561159580073728,0.25612703858348174,0.1305096444789585,0.0016671458836527069,,"[[1.70327666e-02+0.j 0.00000000e+00+0.j 0.00000000e+00+0.j ...
  0.00000000e+00+0.j 0.00000000e+00+0.j 1.17182036e-19+0.j]
 [0.00000000e+00+0.j 1.60740181e-02+0.j 0.00000000e+00+0.j ...
  0.00000000e+00+0.j 0.00000000e+00+0.j 0.00000000e+00+0.j]
 [0.00000000e+00+0.j 0.00000000e+00+0.j 1.60740181e-02+0.j ...
  0.00000000e+00+0.j 0.00000000e+00+0.j 0.00000000e+00+0.j]
 ...
 [0.00000000e+00+0.j 0.00000000e+00+0.j 0.00000000e+00+0.j ...
  1.60740181e-02+0.j 0.00000000e+00+0.j 0.00000000e+00+0.j]
 [0.00000000e+00+0.j 0.00000000e+00+0.j 0.00000000e+00+0.j ...
  0.00000000e+00+0.j 1.60740181e-02+0.j 0.00000000e+00+0.j]
 [1.17182036e-19+0.j 0.00000000e+00+0.j 0.00000000e+00+0.j ...
  0.00000000e+00+0.j 0.00000000e+00+0.j 1.70327666e-02+0.j]]"
88,0.888888888888889,0.25513928536853947,0.25514859770943354,0.12962962977302836,0.0015507414219385802,,"[[1.68038409e-02+0.j 0.00000000e+00+0.j 0.00000000e+00+0.j ...
  0.00000000e+00+0.j 0.00000000e+00+0.j 2.05631583e-20+0.j]
 [0.00000000e+00+0.j 1.60036580e-02+0.j 0.00000000e+00+0.j ...
  0.00000000e+00+0.j 0.00000000e+00+0.j 0.00000000e+00+0.j]
 [0.00000000e+00+0.j 0.00000000e+00+0.j 1.60036580e-02+0.j ...
  0.00000000e+00+0.j 0.00000000e+00+0.j 0.00000000e+00+0.j]
 ...
 [0.00000000e+00+0.j 0.00000000e+00+0.j 0.00000000e+00+0.j ...
  1.60036580e-02+0.j 0.00000000e+00+0.j 0.00000000e+00+0.j]
 [0.00000000e+00+0.j 0.00000000e+00+0.j 0.00000000e+00+0.j ...
  0.00000000e+00+0.j 1.60036580e-02+0.j 0.00000000e+00+0.j]
 [2.05631583e-20+0.j 0.00000000e+00+0.j 0.00000000e+00+0.j ...
  0.00000000e+00+0.j 0.00000000e+00+0.j 1.68038409e-02+0.j]]"
89,0.8989898989898991,0.25424754084075024,0.25425523870631145,0.12882614024506311,0.0014465057316785115,,"[[1.65961744e-02+0.j 0.00000000e+00+0.j 0.00000000e+00+0.j ...
  0.00000000e+00+0.j 0.00000000e+00+0.j 3.05658246e-21+0.j]
 [0.00000000e+00+0.j 1.59389652e-02+0.j 0.00000000e+00+0.j ...
  0.00000000e+00+0.j 0.00000000e+00+0.j 0.00000000e+00+0.j]
 [0.00000000e+00+0.j 0.00000000e+00+0.j 1.59389652e-02+0.j ...
  0.00000000e+00+0.j 0.00000000e+00+0.j 0.00000000e+00+0.j]
 ...
 [0.00000000e+00+0.j 0.00000000e+00+0.j 0.00000000e+00+0.j ...
  1.59389652e-02+0.j 0.00000000e+00+0.j 0.00000000e+00+0.j]
 [0.00000000e+00+0.j 0.00000000e+00+0.j 0.00000000e+00+0.j ...
  0.00000000e+00+0.j 1.59389652e-02+0.j 0.00000000e+00+0.j]
 [3.05658246e-21+0.j 0.00000000e+00+0.j 0.00000000e+00+0.j ...
  0.00000000e+00+0.j 0.00000000e+00+0.j 1.65961744e-02+0.j]]"
90,0.9090909090909092,0.2534407243869594,0.2534469615357468,0.12809917581535818,0.001353869998282176,,"[[1.64093983e-02+0.j 0.00000000e+00+0.j 0.00000000e+00+0.j ...
  0.00000000e+00+0.j 0.00000000e+00+0.j 3.71609070e-22+0.j]
 [0.00000000e+00+0.j 1.58800628e-02+0.j 0.00000000e+00+0.j ...
  0.00000000e+00+0.j 0.00000000e+00+0.j 0.00000000e+00+0.j]
 [0.00000000e+00+0.j 0.00000000e+00+0.j 1.58800628e-02+0.j ...
  0.00000000e+00+0.j 0.00000000e+00+0.j 0.00000000e+00+0.j]
 ...
 [0.00000000e+00+0.j 0.00000000e+00+0.j 0.00000000e+00+0.j ...
  1.58800628e-02+0.j 0.00000000e+00+0.j 0.00000000e+00+0.j]
 [0.00000000e+00+0.j 0.00000000e+00+0.j 0.00000000e+00+0.j ...
  0.00000000e+00+0.j 1.58800628e-02+0.j 0.00000000e+00+0.j]
 [3.71609070e-22+0.j 0.00000000e+00+0.j 0.00000000e+00+0.j ...
  0.00000000e+00+0.j 0.00000000e+00+0.j 1.64093983e-02+0.j]]"
91,0.9191919191919192,0.25271883598844724,0.25272376618090914,0.12744872972739343,0.0012723247923980623,,"[[1.62431787e-02+0.j 0.00000000e+00+0.j 0.00000000e+00+0.j ...
  0.00000000e+00+0.j 0.00000000e+00+0.j 3.52399965e-23+0.j]
 [0.00000000e+00+0.j 1.58270621e-02+0.j 0.00000000e+00+0.j ...
  0.00000000e+00+0.j 0.00000000e+00+0.j 0.00000000e+00+0.j]
 [0.00000000e+00+0.j 0.00000000e+00+0.j 1.58270621e-02+0.j ...
  0.00000000e+00+0.j 0.00000000e+00+0.j 0.00000000e+00+0.j]
 ...
 [0.00000000e+00+0.j 0.00000000e+00+0.j 0.00000000e+00+0.j ...
  1.58270621e-02+0.j 0.00000000e+00+0.j 0.00000000e+00+0.j]
 [0.00000000e+00+0.j 0.00000000e+00+0.j 0.00000000e+00+0.j ...
  0.00000000e+00+0.j 1.58270621e-02+0.j 0.00000000e+00+0.j]
 [3.52399965e-23+0.j 0.00000000e+00+0.j 0.00000000e+00+0.j ...
  0.00000000e+00+0.j 0.00000000e+00+0.j 1.62431787e-02+0.j]]"
92,0.9292929292929294,0.25208187563822715,0.2520856526336651,0.1268748086945522,0.001201418225811612,,"[[1.60972171e-02+0.j 0.00000000e+00+0.j 0.00000000e+00+0.j ...
  0.00000000e+00+0.j 0.00000000e+00+0.j 2.43891642e-24+0.j]
 [0.00000000e+00+0.j 1.57800624e-02+0.j 0.00000000e+00+0.j ...
  0.00000000e+00+0.j 0.00000000e+00+0.j 0.00000000e+00+0.j]
 [0.00000000e+00+0.j 0.00000000e+00+0.j 1.57800624e-02+0.j ...
  0.00000000e+00+0.j 0.00000000e+00+0.j 0.00000000e+00+0.j]
 ...
 [0.00000000e+00+0.j 0.00000000e+00+0.j 0.00000000e+00+0.j ...
  1.57800624e-02+0.j 0.00000000e+00+0.j 0.00000000e+00+0.j]
 [0.00000000e+00+0.j 0.00000000e+00+0.j 0.00000000e+00+0.j ...
  0.00000000e+00+0.j 1.57800624e-02+0.j 0.00000000e+00+0.j]
 [2.43891642e-24+0.j 0.00000000e+00+0.j 0.00000000e+00+0.j ...
  0.00000000e+00+0.j 0.00000000e+00+0.j 1.60972171e-02+0.j]]"
93,0.9393939393939394,0.25152984333354195,0.2515326208916084,0.12637741046865375,0.0011407547973580163,,"[[1.59712499e-02+0.j 0.00000000e+00+0.j 0.00000000e+00+0.j ...
  0.00000000e+00+0.j 0.00000000e+00+0.j 1.11753498e-25+0.j]
 [0.00000000e+00+0.j 1.57391518e-02+0.j 0.00000000e+00+0.j ...
  0.00000000e+00+0.j 0.00000000e+00+0.j 0.00000000e+00+0.j]
 [0.00000000e+00+0.j 0.00000000e+00+0.j 1.57391518e-02+0.j ...
  0.00000000e+00+0.j 0.00000000e+00+0.j 0.00000000e+00+0.j]
 ...
 [0.00000000e+00+0.j 0.00000000e+00+0.j 0.00000000e+00+0.j ...
  1.57391518e-02+0.j 0.00000000e+00+0.j 0.00000000e+00+0.j]
 [0.00000000e+00+0.j 0.00000000e+00+0.j 0.00000000e+00+0.j ...
  0.00000000e+00+0.j 1.57391518e-02+0.j 0.00000000e+00+0.j]
 [1.11753498e-25+0.j 0.00000000e+00+0.j 0.00000000e+00+0.j ...
  0.00000000e+00+0.j 0.00000000e+00+0.j 1.59712499e-02+0.j]]"
94,0.9494949494949496,0.25106273907424936,0.2510646709544498,0.12595653727102815,0.001089994171947366,,"[[1.58650487e-02+0.j 0.00000000e+00+0.j 0.00000000e+00+0.j ...
  0.00000000e+00+0.j 0.00000000e+00+0.j 2.91498419e-27+0.j]
 [0.00000000e+00+0.j 1.57044063e-02+0.j 0.00000000e+00+0.j ...
  0.00000000e+00+0.j 0.00000000e+00+0.j 0.00000000e+00+0.j]
 [0.00000000e+00+0.j 0.00000000e+00+0.j 1.57044063e-02+0.j ...
  0.00000000e+00+0.j 0.00000000e+00+0.j 0.00000000e+00+0.j]
 ...
 [0.00000000e+00+0.j 0.00000000e+00+0.j 0.00000000e+00+0.j ...
  1.57044063e-02+0.j 0.00000000e+00+0.j 0.00000000e+00+0.j]
 [0.00000000e+00+0.j 0.00000000e+00+0.j 0.00000000e+00+0.j ...
  0.00000000e+00+0.j 1.57044063e-02+0.j 0.00000000e+00+0.j]
 [2.91498419e-27+0.j 0.00000000e+00+0.j 0.00000000e+00+0.j ...
  0.00000000e+00+0.j 0.00000000e+00+0.j 1.58650487e-02+0.j]]"
95,0.9595959595959597,0.25068056286072604,0.25068180282274605,0.1256121824303703,0.0010488500567750864,,"[[1.57784204e-02+0.j 0.00000000e+00+0.j 0.00000000e+00+0.j ...
  0.00000000e+00+0.j 0.00000000e+00+0.j 3.36074796e-29+0.j]
 [0.00000000e+00+0.j 1.56758903e-02+0.j 0.00000000e+00+0.j ...
  0.00000000e+00+0.j 0.00000000e+00+0.j 0.00000000e+00+0.j]
 [0.00000000e+00+0.j 0.00000000e+00+0.j 1.56758903e-02+0.j ...
  0.00000000e+00+0.j 0.00000000e+00+0.j 0.00000000e+00+0.j]
 ...
 [0.00000000e+00+0.j 0.00000000e+00+0.j 0.00000000e+00+0.j ...
  1.56758903e-02+0.j 0.00000000e+00+0.j 0.00000000e+00+0.j]
 [0.00000000e+00+0.j 0.00000000e+00+0.j 0.00000000e+00+0.j ...
  0.00000000e+00+0.j 1.56758903e-02+0.j 0.00000000e+00+0.j]
 [3.36074796e-29+0.j 0.00000000e+00+0.j 0.00000000e+00+0.j ...
  0.00000000e+00+0.j 0.00000000e+00+0.j 1.57784204e-02+0.j]]"
96,0.9696969696969697,0.2503833146937985,0.2503840164973449,0.12534435261708035,0.00101708940844734,,"[[1.57112067e-02+0.j 0.00000000e+00+0.j 0.00000000e+00+0.j ...
  0.00000000e+00+0.j 0.00000000e+00+0.j 1.06576440e-31+0.j]
 [0.00000000e+00+0.j 1.56536565e-02+0.j 0.00000000e+00+0.j ...
  0.00000000e+00+0.j 0.00000000e+00+0.j 0.00000000e+00+0.j]
 [0.00000000e+00+0.j 0.00000000e+00+0.j 1.56536565e-02+0.j ...
  0.00000000e+00+0.j 0.00000000e+00+0.j 0.00000000e+00+0.j]
 ...
 [0.00000000e+00+0.j 0.00000000e+00+0.j 0.00000000e+00+0.j ...
  1.56536565e-02+0.j 0.00000000e+00+0.j 0.00000000e+00+0.j]
 [0.00000000e+00+0.j 0.00000000e+00+0.j 0.00000000e+00+0.j ...
  0.00000000e+00+0.j 1.56536565e-02+0.j 0.00000000e+00+0.j]
 [1.06576440e-31+0.j 0.00000000e+00+0.j 0.00000000e+00+0.j ...
  0.00000000e+00+0.j 0.00000000e+00+0.j 1.57112067e-02+0.j]]"
97,0.9797979797979799,0.25017099457421493,0.2501713119787389,0.12515304560759113,0.0009945317045620397,,"[[1.56632848e-02+0.j 0.00000000e+00+0.j 0.00000000e+00+0.j ...
  0.00000000e+00+0.j 0.00000000e+00+0.j 3.20505901e-35+0.j]
 [0.00000000e+00+0.j 1.56377460e-02+0.j 0.00000000e+00+0.j ...
  0.00000000e+00+0.j 0.00000000e+00+0.j 0.00000000e+00+0.j]
 [0.00000000e+00+0.j 0.00000000e+00+0.j 1.56377460e-02+0.j ...
  0.00000000e+00+0.j 0.00000000e+00+0.j 0.00000000e+00+0.j]
 ...
 [0.00000000e+00+0.j 0.00000000e+00+0.j 0.00000000e+00+0.j ...
  1.56377460e-02+0.j 0.00000000e+00+0.j 0.00000000e+00+0.j]
 [0.00000000e+00+0.j 0.00000000e+00+0.j 0.00000000e+00+0.j ...
  0.00000000e+00+0.j 1.56377460e-02+0.j 0.00000000e+00+0.j]
 [3.20505901e-35+0.j 0.00000000e+00+0.j 0.00000000e+00+0.j ...
  0.00000000e+00+0.j 0.00000000e+00+0.j 1.56632848e-02+0.j]]"
98,0.98989898989899,0.25004360250227187,0.2500436892673438,0.12503826140189753,0.0009810483931577492,,"[[1.56345668e-02+0.j 0.00000000e+00+0.j 0.00000000e+00+0.j ...
  0.00000000e+00+0.j 0.00000000e+00+0.j 3.05658246e-41+0.j]
 [0.00000000e+00+0.j 1.56281880e-02+0.j 0.00000000e+00+0.j ...
  0.00000000e+00+0.j 0.00000000e+00+0.j 0.00000000e+00+0.j]
 [0.00000000e+00+0.j 0.00000000e+00+0.j 1.56281880e-02+0.j ...
  0.00000000e+00+0.j 0.00000000e+00+0.j 0.00000000e+00+0.j]
 ...
 [0.00000000e+00+0.j 0.00000000e+00+0.j 0.00000000e+00+0.j ...
  1.56281880e-02+0.j 0.00000000e+00+0.j 0.00000000e+00+0.j]
 [0.00000000e+00+0.j 0.00000000e+00+0.j 0.00000000e+00+0.j ...
  0.00000000e+00+0.j 1.56281880e-02+0.j 0.00000000e+00+0.j]
 [3.05658246e-41+0.j 0.00000000e+00+0.j 0.00000000e+00+0.j ...
  0.00000000e+00+0.j 0.00000000e+00+0.j 1.56345668e-02+0.j]]"
99,1.0,0.25000113847805977,0.2500011483634674,0.12499999999999982,0.0009765624999999978,,"[[0.015625+0.j 0.      +0.j 0.      +0.j ... 0.      +0.j 0.      +0.j
  0.      +0.j]
 [0.      +0.j 0.015625+0.j 0.      +0.j ... 0.      +0.j 0.      +0.j
  0.      +0.j]
 [0.      +0.j 0.      +0.j 0.015625+0.j ... 0.      +0.j 0.      +0.j
  0.      +0.j]
 ...
 [0.      +0.j 0.      +0.j 0.      +0.j ... 0.015625+0.j 0.      +0.j
  0.      +0.j]
 [0.      +0.j 0.      +0.j 0.      +0.j ... 0.      +0.j 0.015625+0.j
  0.      +0.j]
 [0.      +0.j 0.      +0.j 0.      +0.j ... 0.      +0.j 0.      +0.j
  0.015625+0.j]]"
